AggGroup,scale_factor,FractionalChange_mean,FractionalChange_std,RatioChange_mean ,RatioChange_std,Production_scenario_mean ,Production_scenario_std  ,Production_base_mean ,Production_base_std
NO3,1.05,0,0,0,0,0,0,0,0
pelagicNH4,1.05,-0.001113443,0.000691743,0.998886557,0.000691743,6235.971805,617.7709589,6242.703783,616.3012919
benthicNH4,1.05,0.003773005,0.00197889,1.003773005,0.00197889,895.0910148,257.1056266,891.7739353,256.3127934
lg_phytoplankton,1.05,0,0,1,0,8078.9745,2.15E-10,8078.9745,2.15E-10
sm_phytoplankton,1.05,0,0,1,0,3263.49,7.46E-11,3263.49,7.46E-11
microZoop,1.05,6.34E-05,5.69E-05,1.000063382,5.69E-05,5075.003601,1.13E+03,5074.712771,1.13E+03
mesoZoop,1.05,3.97E-06,3.29E-06,1.00000397,3.29E-06,2698.195229,971.0928476,2698.185147,971.0904056
macroZoop,1.05,7.76E-06,9.88E-06,1.000007762,9.88E-06,1199.413098,530.1622053,1199.405317,530.1613163
gelatinousZoop,1.05,-2.69E-02,2.93E-02,0.973082629,2.93E-02,0.017815412,0.01340642,0.018369378,0.013869829
jellyfish,1.05,0.048928626,0.001686936,1.048928626,0.001686936,382.4317851,206.2043881,364.4933266,196.4193074
macrobenthos,1.05,0.001095898,0.000800344,1.001095898,0.000800344,14.15611302,17.58130251,14.14050134,17.56034401
forage_fish,1.05,-0.00927896,0.007595818,0.99072104,0.007595818,1428.075416,586.9308915,1438.951543,586.5548569
mesopelagic,1.05,-0.01492404,0.012282771,0.98507596,0.012282771,169.7392258,85.87688809,172.1428689,86.6667051
cephalopods,1.05,-0.012162737,0.008687343,0.987837263,0.008687343,35.10156972,25.05267467,35.49804108,25.28956206
pelagicFishPlanktivore,1.05,-0.017988194,2.03E-02,0.982011806,2.03E-02,122.53005,72.28298714,124.8972703,73.6880428
pelagicFishPiscivore,1.05,-0.010745922,0.006978715,0.989254078,0.006978715,131.0667152,69.81625874,132.3813448,70.25997706
demersalFishPiscivore,1.05,-0.011238292,0.008590468,0.988761708,0.008590468,25.21342237,10.2713042,25.47973901,10.32246111
demersalFishBenthivore,1.05,-0.011351408,0.015859063,0.988648592,0.015859063,93.95583266,44.60218104,95.06010572,45.08407423
pelagicFishApexPred,1.05,-0.010337699,0.006288593,0.989662301,0.006288593,0.158115891,0.109847022,0.159640314,0.110636538
seabirds,1.05,-0.010553506,0.009086613,0.989446494,0.009086613,3.452045402,2.525596293,3.48130731,2.536373638
odontocetes,1.05,-0.010242213,0.008094295,0.989757787,0.008094295,4.464990896,2.180423407,4.507419244,2.190963303
turtle,1.05,0.029192841,0.018645097,1.029192841,0.018645097,0.001213919,0.001210937,0.001175351,0.001168638
detritusOffal,1.05,-0.00927896,0.007595818,0.99072104,0.007595818,570.363133,263.3512736,574.7016749,263.599928
fisheries,1.05,-0.009932281,0.007264415,0.990067719,0.007264415,40.67467276,17.904853,41.02754063,17.93291297
pelagic detritus,1.05,5.14E-05,4.45E-05,1.000051397,4.45E-05,2368.012785,674.3177738,2367.899206,674.3131049
benthic detritus,1.05,0.001095898,0.000800344,1.001095898,0.000800344,376.8900286,64.89802793,376.4783443,64.8256998
NO3,1.1,0,0,0,0,0,0,0,0
pelagicNH4,1.1,-0.002206538,0.001381202,0.997793462,0.001381202,6229.367543,619.2786942,6242.703783,616.3012919
benthicNH4,1.1,0.007454205,0.003930401,1.007454205,0.003930401,898.3345629,257.9164369,891.7739353,256.3127934
lg_phytoplankton,1.1,0,0,1,0,8078.9745,2.15E-10,8078.9745,2.15E-10
sm_phytoplankton,1.1,0,0,1,0,3263.49,7.46E-11,3263.49,7.46E-11
microZoop,1.1,0.000125676,0.000112922,1.000125676,0.000112922,5075.288884,1130.299102,5074.712771,1130.412196
mesoZoop,1.1,7.85E-06,6.48E-06,1.000007852,6.48E-06,2698.205114,971.0953089,2698.185147,971.0904056
macroZoop,1.1,1.54E-05,1.96E-05,1.00001538,1.96E-05,1199.420735,530.1630979,1199.405317,530.1613163
gelatinousZoop,1.1,-0.05383578,0.058669801,0.94616422,0.058669801,0.01726143,0.012999767,0.018369378,0.013869829
jellyfish,1.1,0.096531755,0.004203685,1.096531755,0.004203685,400.0153326,215.9050581,364.4933266,196.4193074
macrobenthos,1.1,0.002167875,0.001545441,1.002167875,0.001545441,14.17143565,17.60197179,14.14050134,17.56034401
forage_fish,1.1,-0.018235202,0.015020351,0.981764798,0.015020351,1417.554059,587.306532,1438.951543,586.5548569
mesopelagic,1.1,-0.029848408,0.024565786,0.970151592,0.024565786,167.3355325,85.13777443,172.1428689,86.6667051
cephalopods,1.1,-0.024316136,0.017372989,0.975683864,0.017372989,34.70529132,24.82026293,35.49804108,25.28956206
pelagicFishPlanktivore,1.1,-0.035976681,0.040570724,0.964023319,0.040570724,120.1627938,71.00008105,124.8972703,73.6880428
pelagicFishPiscivore,1.1,-0.021421701,0.013942091,0.978578299,0.013942091,129.7595225,69.38437662,132.3813448,70.25997706
demersalFishPiscivore,1.1,-0.022384149,0.017170684,0.977615851,0.017170684,24.94929544,1.02E+01,25.47973901,1.03E+01
demersalFishBenthivore,1.1,-0.022701445,0.031718434,0.977298555,0.031718434,92.8516616,44.1884396,95.06010572,45.08407423
pelagicFishApexPred,1.1,-0.02056994,0.012549964,0.97943006,0.012549964,0.1566049,0.109069546,0.159640314,0.110636538
seabirds,1.1,-0.020854169,0.018079736,0.979145831,0.018079736,3.423529666,2.515285862,3.48130731,2.536373638
odontocetes,1.1,-0.020356914,0.016160901,0.979643086,0.016160901,4.423088137,2.170511343,4.507419244,2.190963303
turtle,1.1,5.75E-02,0.037108288,1.057527311,0.037108288,0.00125161,0.001253843,0.001175351,0.001168638
detritusOffal,1.1,-0.018235202,0.015020351,0.981764798,0.015020351,566.1587997,263.1174117,574.7016749,263.599928
fisheries,1.1,-0.019634277,0.014431921,0.980365723,0.014431921,40.32982325,17.87930697,41.02754063,17.93291297
pelagic detritus,1.1,0.000101889,8.82E-05,1.000101889,8.82E-05,2368.124136,674.3216352,2367.899206,674.3131049
benthic detritus,1.1,0.002167875,0.001545441,1.002167875,0.001545441,377.2938825,6.50E+01,376.4783443,6.48E+01
NO3,1.15,0,0,0,0,0,0.00E+00,0,0.00E+00
pelagicNH4,1.15,-0.003295202,0.00207055,0.996704798,0.00207055,6222.790883,6.21E+02,6242.703783,6.16E+02
benthicNH4,1.15,1.11E-02,0.005879945,1.011115712,0.005879945,901.5625372,258.7399058,891.7739353,256.3127934
lg_phytoplankton,1.15,0,0,1,0,8078.9745,2.15E-10,8078.9745,2.15E-10
sm_phytoplankton,1.15,0,0.00E+00,1,0.00E+00,3263.49,7.46E-11,3263.49,7.46E-11
microZoop,1.15,0.000187758,0.000168947,1.000187758,0.000168947,5075.573108,1130.241888,5074.712771,1130.412196
mesoZoop,1.15,1.17E-05,9.66E-06,1.000011718,9.66E-06,2698.214963,971.0977722,2698.185147,971.0904056
macroZoop,1.15,2.30E-05,2.94E-05,1.000022969,2.94E-05,1199.428343,530.1639896,1199.405317,530.1613163
gelatinousZoop,1.15,-0.080754654,0.088005303,0.919245346,0.088005303,0.016707441,0.012655346,0.018369378,0.013869829
jellyfish,1.15,0.143850796,0.006922278,1.143850796,0.006922278,417.5230954,225.6093403,364.4933266,196.4193074
macrobenthos,1.15,0.003235661,0.002295091,1.003235661,0.002295091,14.18669956,17.62259052,14.14050134,17.56034401
forage_fish,1.15,-0.027124701,0.022423209,0.972875299,0.022423209,1407.108553,587.7360851,1438.951543,586.5548569
mesopelagic,1.15,-0.044773,0.036849049,0.955227,0.036849049,164.9318051,84.45070108,172.1428689,86.6667051
cephalopods,1.15,-0.036467422,0.026058282,0.963532578,0.026058282,34.30905083,24.59245452,35.49804108,25.28956206
pelagicFishPlanktivore,1.15,-0.053965379,0.060856539,0.946034621,0.060856539,117.7955104,69.84606469,124.8972703,73.6880428
pelagicFishPiscivore,1.15,-0.03208285,0.020904932,0.96791715,0.020904932,128.4538872,68.96443552,132.3813448,70.25997706
demersalFishPiscivore,1.15,-0.033510823,0.02574932,0.966489177,0.02574932,24.68563827,10.18070239,25.47973901,10.32246111
demersalFishBenthivore,1.15,-0.034051291,0.047578005,0.965948709,0.047578005,91.74750241,43.84478021,95.06010572,45.08407423
pelagicFishApexPred,1.15,-0.030778949,0.018808004,0.969221051,0.018808004,0.155096847,0.108303432,0.159640314,0.110636538
seabirds,1.15,-0.031102081,0.027060384,0.968897919,0.027060384,3.39517364,2.505214785,3.48130731,2.536373638
odontocetes,1.15,-0.030444934,0.024226085,0.969555066,0.024226085,4.381301427,2.16113617,4.507419244,2.190963303
turtle,1.15,0.085664271,0.055520047,1.085664271,0.055520047,0.001289077,0.001297567,0.001175351,0.001168638
detritusOffal,1.15,-0.027124701,0.022423209,0.972875299,0.022423209,561.984502,262.9082928,574.7016749,263.599928
fisheries,1.15,-0.029288181,0.021594011,0.970711819,0.021594011,39.98667998,1.79E+01,41.02754063,1.79E+01
pelagic detritus,1.15,0.000152204,0.000131976,1.000152204,0.000131976,2368.235049,674.3253239,2367.899206,674.3131049
benthic detritus,1.15,0.003235661,0.002295091,1.003235661,0.002295091,377.6962356,65.05472905,376.4783443,64.8256998
NO3,1.2,0,0,0,0,0,0,0,0
pelagicNH4,1.2,-0.004378603,0.00275729,0.995621397,0.00275729,6216.246981,622.3553387,6242.703783,616.3012919
benthicNH4,1.2,0.014764078,0.007826082,1.014764078,0.007826082,904.7799271,259.5755672,891.7739353,256.3127934
lg_phytoplankton,1.2,0,0,1,0,8078.9745,2.15E-10,8078.9745,2.15E-10
sm_phytoplankton,1.2,0,0,1,0,3263.49,7.46E-11,3263.49,7.46E-11
microZoop,1.2,0.000249466,0.00022459,1.000249466,0.00022459,5075.855471,1130.184806,5074.712771,1130.412196
mesoZoop,1.2,1.56E-05,1.28E-05,1.000015565,1.28E-05,2698.224772,9.71E+02,2698.185147,9.71E+02
macroZoop,1.2,3.05E-05,3.89E-05,1.000030492,3.89E-05,1199.435875,5.30E+02,1199.405317,5.30E+02
gelatinousZoop,1.2,-0.107108119,0.113429736,0.892891881,0.113429736,0.016164035,1.24E-02,0.018369378,1.39E-02
jellyfish,1.2,0.190936971,0.009765727,1.190936971,0.009765727,434.9222505,235.1669407,364.4933266,196.4193074
macrobenthos,1.2,0.004296623,0.00303703,1.004296623,0.00303703,14.20188201,17.64317341,14.14050134,17.56034401
forage_fish,1.2,-0.035965778,0.02980682,0.964034222,0.02980682,1396.71155,588.2113383,1438.951543,586.5548569
mesopelagic,1.2,-0.059592825,0.048719355,0.940407175,0.048719355,162.5487267,83.8204901,172.1428689,86.6667051
cephalopods,1.2,-0.04853801,0.034292427,0.95146199,0.034292427,33.91358715,24.36948497,35.49804108,25.28956206
pelagicFishPlanktivore,1.2,-0.07180784,0.080835157,0.92819216,0.080835157,115.4380956,68.81875968,124.8972703,73.6880428
pelagicFishPiscivore,1.2,-0.042696222,0.027752315,0.957303778,0.027752315,127.1532624,68.5549609,132.3813448,70.25997706
demersalFishPiscivore,1.2,-0.044565597,0.034169471,0.955434403,0.034169471,24.42340534,10.14027111,25.47973901,10.32246111
demersalFishBenthivore,1.2,-0.045127472,0.061044281,0.954872528,0.061044281,90.67191739,43.5445188,95.06010572,45.08407423
pelagicFishApexPred,1.2,-0.040928565,0.024903076,0.959071435,0.024903076,0.15359296,0.107546798,0.159640314,0.110636538
seabirds,1.2,-0.041273603,0.03591629,0.958726397,0.03591629,3.366978677,2.495305654,3.48130731,2.536373638
odontocetes,1.2,-0.040398585,0.031349876,0.959601415,0.031349876,4.340016257,2.151973856,4.507419244,2.190963303
turtle,1.2,0.113788753,0.073252711,1.113788753,0.073252711,0.001326572,0.001342089,0.001175351,0.001168638
detritusOffal,1.2,-0.035965778,0.02980682,0.964034222,0.02980682,557.8280722,262.7204194,574.7016749,263.599928
fisheries,1.2,-0.038872194,0.028631459,0.961127806,0.028631459,39.64524392,17.834927,41.02754063,17.93291297
pelagic detritus,1.2,0.000202208,0.000175373,1.000202208,0.000175373,2368.345283,674.329088,2367.899206,674.3131049
benthic detritus,1.2,0.004296623,0.00303703,1.004296623,0.00303703,378.0959774,65.1345079,376.4783443,64.8256998
NO3,1.25,0,0,0,0,0,0,0,0
pelagicNH4,1.25,-0.005456097,0.003437255,0.994543903,0.003437255,6209.73868,623.9126188,6242.703783,616.3012919
benthicNH4,1.25,0.018396633,0.009762265,1.018396633,0.009762265,907.9828457,260.4180888,891.7739353,256.3127934
lg_phytoplankton,1.25,0,0,1,0,8078.9745,2.15E-10,8078.9745,2.15E-10
sm_phytoplankton,1.25,0,0,1,0,3263.49,7.46E-11,3263.49,7.46E-11
microZoop,1.25,0.000310784,0.000279151,1.000310784,0.000279151,5076.136085,1130.128014,5074.712771,1130.412196
mesoZoop,1.25,1.94E-05,1.59E-05,1.000019383,1.59E-05,2698.234509,971.1027147,2698.185147,971.0904056
macroZoop,1.25,3.80E-05,4.85E-05,1.000037979,4.85E-05,1199.443372,530.1657109,1199.405317,530.1613163
gelatinousZoop,1.25,-0.132932126,0.136804915,0.867067874,0.136804915,0.015631213,0.012126821,0.018369378,0.013869829
jellyfish,1.25,0.237821797,0.012991841,1.237821797,0.012991841,452.2075009,244.5287285,364.4933266,196.4193074
macrobenthos,1.25,0.005350642,0.00377156,1.005350642,0.00377156,14.21697527,17.66371249,14.14050134,17.56034401
forage_fish,1.25,-0.044766264,0.037182607,0.955233736,0.037182607,1386.357258,588.7369379,1438.951543,586.5548569
mesopelagic,1.25,-0.074270622,0.060052606,0.925729378,0.060052606,160.1996824,83.24808485,172.1428689,86.6667051
cephalopods,1.25,-0.060558239,0.042449698,0.939441761,0.042449698,33.51939574,2.42E+01,35.49804108,2.53E+01
pelagicFishPlanktivore,1.25,-0.089449919,0.100081742,0.910550081,0.100081742,113.0987195,6.79E+01,124.8972703,7.37E+01
pelagicFishPiscivore,1.25,-0.053254613,0.034438604,0.946745387,0.034438604,125.8571697,6.82E+01,132.3813448,7.03E+01
demersalFishPiscivore,1.25,-0.055519119,0.042268739,0.944480881,0.042268739,24.16311714,10.10202474,25.47973901,10.32246111
demersalFishBenthivore,1.25,-0.055958466,0.073769935,0.944041534,0.073769935,89.6136491,43.2899557,95.06010572,45.08407423
pelagicFishApexPred,1.25,-0.051020248,0.030857721,0.948979752,0.030857721,0.152094459,0.106799367,0.159640314,0.110636538
seabirds,1.25,-0.051382332,0.044737202,0.948617668,0.044737202,3.338922579,2.485574163,3.48130731,2.536373638
odontocetes,1.25,-0.050266983,0.038386307,0.949733017,0.038386307,4.299093707,2.143188531,4.507419244,2.190963303
turtle,1.25,0.14182216,0.090956715,1.14182216,0.090956715,0.001363953,0.001387305,0.001175351,0.001168638
detritusOffal,1.25,-0.044766264,0.037182607,0.955233736,0.037182607,553.6874684,262.5550113,574.7016749,263.599928
fisheries,1.25,-0.048387777,0.035579787,0.951612223,0.035579787,39.30549655,17.8151289,41.02754063,17.93291297
pelagic detritus,1.25,0.000251905,0.000218192,1.000251905,0.000218192,2368.454758,674.3324145,2367.899206,674.3131049
benthic detritus,1.25,0.005350642,0.00377156,1.005350642,0.00377156,378.493234,65.2152793,376.4783443,64.8256998
NO3,1.3,0,0,0,0,0,0,0,0
pelagicNH4,1.3,-0.006524422,0.004101561,0.993475578,0.004101561,6203.283754,625.4584375,6242.703783,616.3012919
benthicNH4,1.3,0.02200541,0.011670168,1.02200541,0.011670168,911.1660526,261.2725179,891.7739353,256.3127934
lg_phytoplankton,1.3,0,0,1,0,8078.9745,2.15E-10,8078.9745,2.15E-10
sm_phytoplankton,1.3,0,0,1,0,3263.49,7.46E-11,3263.49,7.46E-11
microZoop,1.3,0.000371382,0.000330788,1.000371382,0.000330788,5076.413767,1130.072584,5074.712771,1130.412196
mesoZoop,1.3,2.32E-05,1.90E-05,1.000023164,1.90E-05,2698.244142,971.1051016,2698.185147,971.0904056
macroZoop,1.3,4.54E-05,5.79E-05,1.00004539,5.79E-05,1199.4508,530.1665834,1199.405317,530.1613163
gelatinousZoop,1.3,-0.158070298,0.157840847,0.841929702,0.157840847,0.015116971,0.011928362,0.018369378,0.013869829
jellyfish,1.3,0.284470984,0.016746718,1.284470984,0.016746718,469.3331847,253.5588073,364.4933266,196.4193074
macrobenthos,1.3,0.006394584,0.004486944,1.006394584,0.004486944,14.23200453,17.68428207,14.14050134,17.56034401
forage_fish,1.3,-0.053510949,0.044512999,0.946489051,0.044512999,1376.063681,5.89E+02,1438.951543,5.87E+02
mesopelagic,1.3,-0.088784662,0.070853771,0.911215338,0.070853771,157.8789552,82.70836354,172.1428689,86.6667051
cephalopods,1.3,-0.072532388,0.050584245,0.927467612,0.050584245,33.12649915,23.93908793,35.49804108,25.28956206
pelagicFishPlanktivore,1.3,-0.106666972,0.117447977,0.893333028,0.117447977,110.8019653,67.0916243,124.8972703,73.6880428
pelagicFishPiscivore,1.3,-0.063734201,0.040928567,0.936265799,0.040928567,124.5676138,67.76432281,132.3813448,70.25997706
demersalFishPiscivore,1.3,-0.066321295,0.049928772,0.933678705,0.049928772,23.90617145,10.0652872,25.47973901,10.32246111
demersalFishBenthivore,1.3,-0.066464433,0.085338279,0.933535567,0.085338279,88.58152986,43.07349102,95.06010572,45.08407423
pelagicFishApexPred,1.3,-0.061050328,0.036750347,0.938949672,0.036750347,0.150602906,0.106062148,0.159640314,0.110636538
seabirds,1.3,-0.061367486,0.053262813,0.938632514,0.053262813,3.311088859,2.476033488,3.48130731,2.536373638
odontocetes,1.3,-0.060040171,0.045365314,0.939959829,0.045365314,4.258498448,2.13E+00,4.507419244,2.19E+00
turtle,1.3,0.169778174,0.108110109,1.169778174,0.108110109,0.001401272,1.43E-03,0.001175351,1.17E-03
detritusOffal,1.3,-0.053510949,0.044512999,0.946489051,0.044512999,549.5696414,2.62E+02,574.7016749,2.64E+02
fisheries,1.3,-0.057815801,0.042432472,0.942184199,0.042432472,38.96845985,17.796428,41.02754063,17.93291297
pelagic detritus,1.3,0.000301073,0.000259393,1.000301073,0.000259393,2368.563107,674.3356443,2367.899206,674.3131049
benthic detritus,1.3,0.006394584,0.004486944,1.006394584,0.004486944,378.8865305,65.29431635,376.4783443,64.8256998
NO3,1.35,0,0,0,0,0,0,0,0
pelagicNH4,1.35,-0.007575939,0.004732568,0.992424061,0.004732568,6196.93029,626.9893868,6242.703783,616.3012919
benthicNH4,1.35,0.025575767,0.013544359,1.025575767,0.013544359,914.3148823,262.1297034,891.7739353,256.3127934
lg_phytoplankton,1.35,0,0,1,0,8078.9745,2.15E-10,8078.9745,2.15E-10
sm_phytoplankton,1.35,0,0,1,0,3263.49,7.46E-11,3263.49,7.46E-11
microZoop,1.35,0.000430768,0.000379373,1.000430768,0.000379373,5076.685711,1130.017835,5074.712771,1130.412196
mesoZoop,1.35,2.69E-05,2.20E-05,1.000026891,2.20E-05,2698.25362,971.1074371,2698.185147,971.0904056
macroZoop,1.35,5.26E-05,6.67E-05,1.000052628,6.67E-05,1199.458032,530.1674299,1199.405317,530.1613163
gelatinousZoop,1.35,-0.182076293,0.174902776,0.817923707,0.174902776,0.014632074,0.011754331,0.018369378,0.013869829
jellyfish,1.35,0.330752331,0.021140097,1.330752331,0.021140097,486.1745744,261.9557561,364.4933266,196.4193074
macrobenthos,1.35,0.007418007,0.005147942,1.007418007,0.005147942,14.24687283,17.70488439,14.14050134,17.56034401
forage_fish,1.35,-0.062112938,0.051637518,0.937887062,0.051637518,1365.904995,589.8257784,1438.951543,586.5548569
mesopelagic,1.35,-0.103005965,0.08075502,0.896994035,0.08075502,155.6056952,82.18587917,172.1428689,86.6667051
cephalopods,1.35,-0.08437988,0.058366703,0.91562012,0.058366703,32.73569692,23.7306518,35.49804108,25.28956206
pelagicFishPlanktivore,1.35,-0.123291468,0.133023222,0.876708532,0.133023222,108.5504905,66.36353088,124.8972703,73.6880428
pelagicFishPiscivore,1.35,-0.074075923,0.047121389,0.925924077,0.047121389,123.290477,67.38405355,132.3813448,70.25997706
demersalFishPiscivore,1.35,-0.076879876,0.056906908,0.923120124,0.056906908,23.65427063,10.02834584,25.47973901,10.32246111
demersalFishBenthivore,1.35,-0.076495673,0.095402167,0.923504327,0.095402167,87.60211741,42.88322564,95.06010572,45.08407423
pelagicFishApexPred,1.35,-0.070964604,0.042461396,0.929035396,0.042461396,0.149127452,1.05E-01,0.159640314,1.11E-01
seabirds,1.35,-0.071121232,0.061269068,0.928878768,0.061269068,3.283601698,2.46655827,3.48130731,2.536373638
odontocetes,1.35,-0.069621843,0.051932181,0.930378157,0.051932181,4.21854607,2.126347337,4.507419244,2.190963303
turtle,1.35,0.197847057,0.123515549,1.197847057,0.123515549,0.001438521,0.001478723,0.001175351,0.001168638
detritusOffal,1.35,-0.062112938,0.051637518,0.937887062,0.051637518,545.506851,262.2499909,574.7016749,263.599928
fisheries,1.35,-0.067073587,0.048979776,0.932926413,0.048979776,38.63666268,17.77796043,41.02754063,17.93291297
pelagic detritus,1.35,0.000349203,0.000297409,1.000349203,0.000297409,2368.66923,674.3391505,2367.899206,674.3131049
benthic detritus,1.35,0.007418007,0.005147942,1.007418007,0.005147942,379.2719285,65.3710317,376.4783443,64.8256998
NO3,1.4,0,0,0,0,0,0,0,0
pelagicNH4,1.4,-0.008609547,0.005321015,0.991390453,0.005321015,6190.677451,6.28E+02,6242.703783,6.16E+02
benthicNH4,1.4,0.029108043,0.015378315,1.029108043,0.015378315,917.4287123,2.63E+02,891.7739353,2.56E+02
lg_phytoplankton,1.4,0,0,1,0,8078.9745,2.15E-10,8078.9745,2.15E-10
sm_phytoplankton,1.4,0,0,1,0,3263.49,7.46E-11,3263.49,7.46E-11
microZoop,1.4,0.000488923,0.000425453,1.000488923,0.000425453,5076.952265,1129.965886,5074.712771,1130.412196
mesoZoop,1.4,3.06E-05,2.49E-05,1.000030564,2.49E-05,2698.262933,971.1095939,2698.185147,971.0904056
macroZoop,1.4,5.96E-05,7.38E-05,1.000059594,7.38E-05,1199.465109,530.1683313,1199.405317,530.1613163
gelatinousZoop,1.4,-0.205207292,0.189537687,0.794792708,0.189537687,0.014181063,0.01158584,0.018369378,0.013869829
jellyfish,1.4,0.37668499,0.026244646,1.37668499,0.026244646,502.7472377,269.6778669,364.4933266,196.4193074
macrobenthos,1.4,0.008423413,0.005773699,1.008423413,0.005773699,14.26140704,17.72485096,14.14050134,17.56034401
forage_fish,1.4,-0.070603952,0.058485898,0.929396048,0.058485898,1355.841293,590.3585029,1438.951543,586.5548569
mesopelagic,1.4,-0.116881918,0.088793259,0.883118082,0.088793259,153.3728813,81.65723078,172.1428689,86.6667051
cephalopods,1.4,-0.096056457,0.0653215,0.903943543,0.0653215,32.34704395,23.52600327,35.49804108,25.28956206
pelagicFishPlanktivore,1.4,-0.139308849,0.146621058,0.860691151,0.146621058,106.374889,65.68906132,124.8972703,73.6880428
pelagicFishPiscivore,1.4,-0.084245595,0.052572065,0.915754405,0.052572065,122.0267426,67.0063584,132.3813448,70.25997706
demersalFishPiscivore,1.4,-0.087171736,0.062715705,0.912828264,0.062715705,23.40642198,9.989561175,25.47973901,10.32246111
demersalFishBenthivore,1.4,-0.08610686,0.103933264,0.91389314,0.103933264,86.67671249,42.69865201,95.06010572,45.08407423
pelagicFishApexPred,1.4,-0.080733831,0.047605598,0.919266169,0.047605598,0.147662398,0.104624617,0.159640314,0.110636538
seabirds,1.4,-0.080687612,0.068708279,0.919312388,0.068708279,3.256558902,2.457320722,3.48130731,2.536373638
odontocetes,1.4,-0.078966557,0.057200038,0.921033443,0.057200038,4.179379828,2.117815766,4.507419244,2.190963303
turtle,1.4,0.225769091,0.138849265,1.225769091,0.138849265,0.001475309,0.00152359,0.001175351,0.001168638
detritusOffal,1.4,-0.070603952,0.058485898,0.929396048,0.058485898,541.4836439,262.0997714,574.7016749,263.599928
fisheries,1.4,-0.076165644,0.054884666,0.923834356,0.054884666,38.30973443,17.75951212,41.02754063,17.93291297
pelagic detritus,1.4,0.000396288,0.000332856,1.000396288,0.000332856,2368.773205,674.3432139,2367.899206,674.3131049
benthic detritus,1.4,0.008423413,0.005773699,1.008423413,0.005773699,379.6496532,6.54E+01,376.4783443,6.48E+01
NO3,1.45,0,0,0,0,0,0,0,0
pelagicNH4,1.45,-0.00962787,0.005891732,0.99037213,0.005891732,6184.514302,629.8472104,6242.703783,616.3012919
benthicNH4,1.45,0.032602443,0.017190127,1.032602443,0.017190127,920.5024461,263.7901226,891.7739353,256.3127934
lg_phytoplankton,1.45,0,0,1,0,8078.9745,2.15E-10,8078.9745,2.15E-10
sm_phytoplankton,1.45,0,0,1,0,3263.49,7.46E-11,3263.49,7.46E-11
microZoop,1.45,0.000546197,0.000471049,1.000546197,0.000471049,5077.214747,1129.915013,5074.712771,1130.412196
mesoZoop,1.45,3.42E-05,2.77E-05,1.000034192,2.77E-05,2698.272137,971.111696,2698.185147,971.0904056
macroZoop,1.45,6.64E-05,8.02E-05,1.000066379,8.02E-05,1199.472052,530.1692413,1199.405317,530.1613163
gelatinousZoop,1.45,-0.227432902,0.202050883,0.772567098,0.202050883,0.013753391,1.14E-02,0.018369378,1.39E-02
jellyfish,1.45,0.422222991,0.032120823,1.422222991,0.032120823,519.0493444,2.77E+02,364.4933266,1.96E+02
macrobenthos,1.45,0.009412791,0.006380625,1.009412791,0.006380625,14.2756789,1.77E+01,14.14050134,1.76E+01
forage_fish,1.45,-0.078953371,0.064935165,0.921046629,0.064935165,1345.895564,590.8816252,1438.951543,586.5548569
mesopelagic,1.45,-0.130499351,0.096097169,0.869500649,0.096097169,151.1780929,81.14974409,172.1428689,86.6667051
cephalopods,1.45,-0.107621357,0.072015386,0.892378643,0.072015386,31.96013785,23.32654135,35.49804108,25.28956206
pelagicFishPlanktivore,1.45,-0.154795506,0.159114503,0.845204494,0.159114503,104.2633092,65.08399527,124.8972703,73.6880428
pelagicFishPiscivore,1.45,-0.094272188,0.057641959,0.905727812,0.057641959,120.7756217,66.63547843,132.3813448,70.25997706
demersalFishPiscivore,1.45,-0.09723275,0.067838873,0.90276725,0.067838873,23.16298538,9.951374923,25.47973901,10.32246111
demersalFishBenthivore,1.45,-0.09526002,0.111007087,0.90473998,0.111007087,85.7989315,42.50325662,95.06010572,45.08407423
pelagicFishApexPred,1.45,-0.090392133,0.052538164,0.909607867,0.052538164,0.146211604,0.103918897,0.159640314,0.110636538
seabirds,1.45,-0.090056761,0.07576345,0.909943239,0.07576345,3.230001789,2.448186646,3.48130731,2.536373638
odontocetes,1.45,-0.08811406,0.061614058,0.91188594,0.061614058,4.140961248,2.109193335,4.507419244,2.190963303
turtle,1.45,0.253468619,0.154145731,1.253468619,0.154145731,0.001511351,0.001566246,0.001175351,0.001168638
detritusOffal,1.45,-0.078953371,0.064935165,0.921046629,0.064935165,537.5112154,261.9439686,574.7016749,263.599928
fisheries,1.45,-0.085074779,0.060306536,0.914925221,0.060306536,37.98719454,17.74030172,41.02754063,17.93291297
pelagic detritus,1.45,0.000442637,0.00036777,1.000442637,0.00036777,2368.875562,674.3471488,2367.899206,674.3131049
benthic detritus,1.45,0.009412791,0.006380625,1.009412791,0.006380625,380.0215079,65.51137345,376.4783443,64.8256998
NO3,1.5,0,0,0,0,0,0,0,0
pelagicNH4,1.5,-0.010630531,0.006451084,0.989369469,0.006451084,6178.445674,631.2435677,6242.703783,616.3012919
benthicNH4,1.5,0.036048224,0.018948227,1.036048224,0.018948227,923.5302643,264.5847972,891.7739353,256.3127934
lg_phytoplankton,1.5,0,0,1,0,8078.9745,2.15E-10,8078.9745,2.15E-10
sm_phytoplankton,1.5,0,0,1,0,3263.49,7.46E-11,3263.49,7.46E-11
microZoop,1.5,0.00060261,0.000516371,1.00060261,0.000516371,5077.473071,1129.864065,5074.712771,1130.412196
mesoZoop,1.5,3.78E-05,3.04E-05,1.000037755,3.04E-05,2698.281174,9.71E+02,2698.185147,9.71E+02
macroZoop,1.5,7.30E-05,8.62E-05,1.000073032,8.62E-05,1199.478903,530.1701402,1199.405317,530.1613163
gelatinousZoop,1.5,-0.248796234,0.212838446,0.751203766,0.212838446,0.013344961,0.011269065,0.018369378,0.013869829
jellyfish,1.5,0.467348618,0.038718984,1.467348618,0.038718984,535.0796522,283.6963394,364.4933266,196.4193074
macrobenthos,1.5,0.010386993,0.006977214,1.010386993,0.006977214,14.28977981,17.76403251,14.14050134,17.56034401
forage_fish,1.5,-0.087147308,0.071162446,0.912852692,0.071162446,1336.084067,591.3796831,1438.951543,586.5548569
mesopelagic,1.5,-0.14388971,0.102886384,0.85611029,0.102886384,149.012577,80.66103777,172.1428689,86.6667051
cephalopods,1.5,-0.119067143,0.078496876,0.880932857,0.078496876,31.57505751,23.13211726,35.49804108,25.28956206
pelagicFishPlanktivore,1.5,-0.169748984,0.170439469,0.830251016,0.170439469,102.2286586,64.52270502,124.8972703,73.6880428
pelagicFishPiscivore,1.5,-0.104173576,0.062525596,0.895826424,0.062525596,119.5355444,6.63E+01,132.3813448,7.03E+01
demersalFishPiscivore,1.5,-0.107092788,0.072724531,0.892907212,0.072724531,22.92356497,9.91E+00,25.47973901,1.03E+01
demersalFishBenthivore,1.5,-0.104076973,0.117567365,0.895923027,0.117567365,84.95045849,4.23E+01,95.06010572,4.51E+01
pelagicFishApexPred,1.5,-0.099933029,0.057371228,0.900066971,0.057371228,0.144771987,0.103219924,0.159640314,0.110636538
seabirds,1.5,-0.099210315,0.082460488,0.900789685,0.082460488,3.203901958,2.439054133,3.48130731,2.536373638
odontocetes,1.5,-0.097115193,0.065963717,0.902884807,0.065963717,4.102990047,2.100779756,4.507419244,2.190963303
turtle,1.5,0.280895149,0.169266941,1.280895149,0.169266941,0.001546661,0.001607255,0.001175351,0.001168638
detritusOffal,1.5,-0.087147308,0.071162446,0.912852692,0.071162446,533.5911798,261.7830693,574.7016749,263.599928
fisheries,1.5,-0.093794943,0.065390269,0.906205057,0.065390269,37.66927975,17.71952158,41.02754063,17.93291297
pelagic detritus,1.5,0.000488281,0.000402457,1.000488281,0.000402457,2368.976379,674.350714,2367.899206,674.3131049
benthic detritus,1.5,0.010386993,0.006977214,1.010386993,0.006977214,380.3875794,65.58097171,376.4783443,64.8256998
NO3,1.55,0,0,0,0,0,0,0,0
pelagicNH4,1.55,-0.011618915,0.007005968,0.988381085,0.007005968,6172.466257,632.6532614,6242.703783,616.3012919
benthicNH4,1.55,0.039436115,0.020626634,1.039436115,0.020626634,926.5115879,265.3911837,891.7739353,256.3127934
lg_phytoplankton,1.55,0,0,1,0,8078.9745,2.15E-10,8078.9745,2.15E-10
sm_phytoplankton,1.55,0,0,1,0,3263.49,7.46E-11,3263.49,7.46E-11
microZoop,1.55,0.000658315,0.000561748,1.000658315,0.000561748,5077.727677,1129.812136,5074.712771,1130.412196
mesoZoop,1.55,4.13E-05,3.31E-05,1.000041274,3.31E-05,2698.290095,971.1158198,2698.185147,971.0904056
macroZoop,1.55,7.95E-05,9.20E-05,1.000079544,9.20E-05,1199.485637,530.1710663,1199.405317,530.1613163
gelatinousZoop,1.55,-0.269406045,0.222353554,0.730593955,0.222353554,0.012953103,0.011121888,0.018369378,0.013869829
jellyfish,1.55,0.512056279,0.046034546,1.512056279,0.046034546,550.8538471,290.2287647,364.4933266,196.4193074
macrobenthos,1.55,0.011347477,0.007569101,1.011347477,0.007569101,14.30376374,17.78361078,14.14050134,17.56034401
forage_fish,1.55,-0.095152044,0.076983169,0.904847956,0.076983169,1326.397475,591.8346345,1438.951543,586.5548569
mesopelagic,1.55,-0.156991709,0.109045964,0.843008291,0.109045964,146.8827651,80.19245312,172.1428689,86.6667051
cephalopods,1.55,-0.130430089,0.0849963,0.869569911,0.0849963,31.19154808,2.29E+01,35.49804108,2.53E+01
pelagicFishPlanktivore,1.55,-0.184105796,0.180431305,0.815894204,0.180431305,100.266406,63.99808715,124.8972703,73.6880428
pelagicFishPiscivore,1.55,-0.113969932,0.067405073,0.886030068,0.067405073,118.3055178,65.92312854,132.3813448,70.25997706
demersalFishPiscivore,1.55,-0.116786804,0.077519921,0.883213196,0.077519921,22.68749126,9.876599765,25.47973901,10.32246111
demersalFishBenthivore,1.55,-0.112625885,0.123872604,0.887374115,0.123872604,84.12324906,42.14161744,95.06010572,45.08407423
pelagicFishApexPred,1.55,-0.109367682,0.062156252,0.890632318,0.062156252,0.143343447,0.1025282,0.159640314,0.110636538
seabirds,1.55,-0.10812067,0.088643492,0.89187933,0.088643492,3.178159025,2.42991137,3.48130731,2.536373638
odontocetes,1.55,-0.105953835,0.070153879,0.894046165,0.070153879,4.065583054,2.092409092,4.507419244,2.190963303
turtle,1.55,0.308203404,0.184170073,1.308203404,0.184170073,0.001581426,0.001647354,0.001175351,0.001168638
detritusOffal,1.55,-0.095152044,0.076983169,0.904847956,0.076983169,529.7220104,2.62E+02,574.7016749,2.64E+02
fisheries,1.55,-0.102324831,0.070158601,0.897675169,0.070158601,37.35608362,1.77E+01,41.02754063,1.79E+01
pelagic detritus,1.55,0.000533338,0.000437151,1.000533338,0.000437151,2369.07584,6.74E+02,2367.899206,6.74E+02
benthic detritus,1.55,0.011347477,0.007569101,1.011347477,0.007569101,380.7484982,65.65079726,376.4783443,64.8256998
NO3,1.6,0,0,0,0,0,0,0,0
pelagicNH4,1.6,-0.01259309,0.007553292,0.98740691,0.007553292,6166.570001,634.0244208,6242.703783,616.3012919
benthicNH4,1.6,0.042778069,0.022272531,1.042778069,0.022272531,929.4499403,266.1829173,891.7739353,256.3127934
lg_phytoplankton,1.6,0,0,1,0,8078.9745,2.15E-10,8078.9745,2.15E-10
sm_phytoplankton,1.6,0,0,1,0,3263.49,7.46E-11,3263.49,7.46E-11
microZoop,1.6,0.000713303,0.000607044,1.000713303,0.000607044,5077.9788,1.13E+03,5074.712771,1.13E+03
mesoZoop,1.6,4.47E-05,3.58E-05,1.000044738,3.58E-05,2698.298886,971.1178982,2698.185147,971.0904056
macroZoop,1.6,8.60E-05,9.80E-05,1.000085985,9.80E-05,1199.492284,530.1719585,1199.405317,530.1613163
gelatinousZoop,1.6,-0.289367194,0.231085319,0.710632806,0.231085319,0.012573418,0.010986794,0.018369378,0.013869829
jellyfish,1.6,0.556377379,0.054003984,1.556377379,0.054003984,566.3940346,296.5577006,364.4933266,196.4193074
macrobenthos,1.6,0.012295331,0.008158055,1.012295331,0.008158055,14.31756578,17.80309962,14.14050134,17.56034401
forage_fish,1.6,-0.103012504,0.082644741,0.896987496,0.082644741,1316.837276,592.2420598,1438.951543,586.5548569
mesopelagic,1.6,-0.169948756,0.115247159,0.830051244,0.115247159,144.7728191,79.74948425,172.1428689,86.6667051
cephalopods,1.6,-0.141736651,0.091566873,0.858263349,0.091566873,30.80931389,22.7586706,35.49804108,25.28956206
pelagicFishPlanktivore,1.6,-0.197967378,0.189528617,0.802032622,0.189528617,98.36329979,63.52652651,124.8972703,73.6880428
pelagicFishPiscivore,1.6,-0.123695013,0.072320426,0.876304987,0.072320426,117.0840958,65.5825508,132.3813448,70.25997706
demersalFishPiscivore,1.6,-0.126324258,0.082232359,0.873675742,0.082232359,22.45457277,9.840207251,25.47973901,10.32246111
demersalFishBenthivore,1.6,-0.120848457,0.129669834,0.879151543,0.129669834,83.32309378,41.9747711,95.06010572,45.08407423
pelagicFishApexPred,1.6,-0.118708858,0.066907384,0.881291142,0.066907384,0.141925115,0.101845857,0.159640314,0.110636538
seabirds,1.6,-0.116808996,0.094497035,0.883191004,0.094497035,3.152734932,2.420789031,3.48130731,2.536373638
odontocetes,1.6,-0.114638947,0.074183945,0.885361053,0.074183945,4.028769796,2.084080977,4.507419244,2.190963303
turtle,1.6,0.335309829,0.199137999,1.335309829,0.199137999,0.001615862,0.001687525,0.001175351,0.001168638
detritusOffal,1.6,-0.103012504,0.082644741,0.896987496,0.082644741,525.9034037,261.4328358,574.7016749,263.599928
fisheries,1.6,-0.110697549,0.074774081,0.889302451,0.074774081,37.04815975,17.67575223,41.02754063,17.93291297
pelagic detritus,1.6,0.000577795,0.000471769,1.000577795,0.000471769,2369.173777,674.3566801,2367.899206,674.3131049
benthic detritus,1.6,0.012295331,0.008158055,1.012295331,0.008158055,381.1044898,65.71998563,376.4783443,64.8256998
NO3,1.65,0,0,0,0,0,0,0,0
pelagicNH4,1.65,-0.013549058,0.008086831,0.986450942,0.008086831,6160.782465,6.35E+02,6242.703783,6.16E+02
benthicNH4,1.65,0.046060833,0.023871853,1.046060833,0.023871853,932.3352239,266.9647108,891.7739353,256.3127934
lg_phytoplankton,1.65,0,0,1,0,8078.9745,2.15E-10,8078.9745,2.15E-10
sm_phytoplankton,1.65,0,0,1,0,3263.49,7.46E-11,3263.49,7.46E-11
microZoop,1.65,0.000767319,0.000651733,1.000767319,0.000651733,5078.225105,1129.708643,5074.712771,1130.412196
mesoZoop,1.65,4.81E-05,3.84E-05,1.000048135,3.84E-05,2698.307494,971.1199298,2698.185147,971.0904056
macroZoop,1.65,9.23E-05,0.000103741,1.000092271,0.000103741,1199.498819,530.1729207,1199.405317,530.1613163
gelatinousZoop,1.65,-0.308550752,0.238654438,0.691449248,0.238654438,0.012208467,0.010859229,0.018369378,0.013869829
jellyfish,1.65,0.600187382,0.062543678,1.600187382,0.062543678,581.6291833,302.5638151,364.4933266,196.4193074
macrobenthos,1.65,0.013225312,0.008731147,1.013225312,0.008731147,14.33114122,1.78E+01,14.14050134,1.76E+01
forage_fish,1.65,-0.110650158,0.087617078,0.889349842,0.087617078,1307.456251,5.93E+02,1438.951543,5.87E+02
mesopelagic,1.65,-0.182670175,0.121182631,0.817329825,0.121182631,142.6867617,7.93E+01,172.1428689,8.67E+01
cephalopods,1.65,-0.152923278,0.09798602,0.847076722,0.09798602,30.42836082,22.57985278,35.49804108,25.28956206
pelagicFishPlanktivore,1.65,-0.211315125,0.197944244,0.788684875,0.197944244,96.5335105,63.10292764,124.8972703,73.6880428
pelagicFishPiscivore,1.65,-0.133302436,0.077174806,0.866697564,0.077174806,115.8733735,65.25120236,132.3813448,70.25997706
demersalFishPiscivore,1.65,-0.135619756,0.086532134,0.864380244,0.086532134,22.22619497,9.802351699,25.47973901,10.32246111
demersalFishBenthivore,1.65,-0.128740064,0.134984828,0.871259936,0.134984828,82.54982989,41.81078052,95.06010572,45.08407423
pelagicFishApexPred,1.65,-0.127917241,0.07153523,0.872082759,0.07153523,0.140520644,0.101169821,0.159640314,0.110636538
seabirds,1.65,-0.125213874,0.099634172,0.874786126,0.099634172,3.127794975,2.411768261,3.48130731,2.536373638
odontocetes,1.65,-0.12312551,0.077930685,0.87687449,0.077930685,3.992580314,2.075764838,4.507419244,2.190963303
turtle,1.65,0.36221785,0.214111352,1.36221785,0.214111352,0.00165005,0.001727923,0.001175351,0.001168638
detritusOffal,1.65,-0.110650158,0.087617078,0.889349842,0.087617078,522.1597319,261.2293495,574.7016749,263.599928
fisheries,1.65,-0.118863494,0.079045115,0.881136506,0.079045115,36.74646091,17.65267815,41.02754063,17.93291297
pelagic detritus,1.65,0.000621466,0.000505934,1.000621466,0.000505934,2369.269703,674.3581964,2367.899206,674.3131049
benthic detritus,1.65,0.013225312,0.008731147,1.013225312,0.008731147,381.4537586,65.78869506,376.4783443,64.8256998
NO3,1.7,0,0,0,0,0,0,0,0
pelagicNH4,1.7,-0.014489456,0.008620201,0.985510544,0.008620201,6155.092145,636.7226503,6242.703783,616.3012919
benthicNH4,1.7,0.049290256,0.025456197,1.049290256,0.025456197,935.178003,267.755951,891.7739353,256.3127934
lg_phytoplankton,1.7,0,0,1,0,8078.9745,2.15E-10,8078.9745,2.15E-10
sm_phytoplankton,1.7,0,0,1,0,3263.49,7.46E-11,3263.49,7.46E-11
microZoop,1.7,0.000820486,0.000696454,1.000820486,0.000696454,5078.466823,1129.654338,5074.712771,1130.412196
mesoZoop,1.7,5.14E-05,4.09E-05,1.000051448,4.09E-05,2698.315918,971.122003,2698.185147,971.0904056
macroZoop,1.7,9.84E-05,0.000109453,1.00009843,0.000109453,1199.505256,530.1739171,1199.405317,530.1613163
gelatinousZoop,1.7,-0.326925225,0.245064855,0.673074775,0.245064855,0.011858158,1.07E-02,0.018369378,1.39E-02
jellyfish,1.7,0.64345389,0.071708525,1.64345389,0.071708525,596.5877897,308.4156634,364.4933266,196.4193074
macrobenthos,1.7,0.014136236,0.009288091,1.014136236,0.009288091,14.34448333,17.84186777,14.14050134,17.56034401
forage_fish,1.7,-0.118132491,0.092527063,0.881867509,0.092527063,1298.212801,592.889539,1438.951543,586.5548569
mesopelagic,1.7,-0.195113836,0.126640675,0.804886164,0.126640675,140.6361719,78.89447028,172.1428689,86.6667051
cephalopods,1.7,-0.163999721,0.104270294,0.836000279,0.104270294,30.04905357,22.40666289,35.49804108,25.28956206
pelagicFishPlanktivore,1.7,-0.224109608,0.205683591,0.775890392,0.205683591,94.77565066,62.71870882,124.8972703,73.6880428
pelagicFishPiscivore,1.7,-0.142801764,0.08198133,0.857198236,0.08198133,114.6724009,64.92785883,132.3813448,70.25997706
demersalFishPiscivore,1.7,-0.144723711,0.090666478,0.855276289,0.090666478,22.00229777,9.766441967,25.47973901,10.32246111
demersalFishBenthivore,1.7,-0.136356186,0.140043356,0.863643814,0.140043356,81.80662974,4.17E+01,95.06010572,4.51E+01
pelagicFishApexPred,1.7,-0.137020875,0.076147308,0.862979125,0.076147308,0.139128171,1.01E-01,0.159640314,1.11E-01
seabirds,1.7,-0.133405632,0.104699954,0.866594368,0.104699954,3.103407671,2.40E+00,3.48130731,2.54E+00
odontocetes,1.7,-0.131461095,0.08163986,0.868538905,0.08163986,3.957095385,2.067937201,4.507419244,2.190963303
turtle,1.7,0.388868596,0.228883125,1.388868596,0.228883125,0.00168387,0.001768229,0.001175351,0.001168638
detritusOffal,1.7,-0.118132491,0.092527063,0.881867509,0.092527063,518.4722837,261.0226199,574.7016749,263.599928
fisheries,1.7,-0.126864537,0.083257635,0.873135463,0.083257635,36.45000336,17.62967988,41.02754063,17.93291297
pelagic detritus,1.7,0.00066442,0.000540095,1.00066442,0.000540095,2369.363814,674.3585819,2367.899206,674.3131049
benthic detritus,1.7,0.014136236,0.009288091,1.014136236,0.009288091,381.7965079,65.85995913,376.4783443,64.8256998
NO3,1.75,0,0,0,0,0,0,0,0
pelagicNH4,1.75,-0.015409876,0.009137315,0.984590124,0.009137315,6149.519428,638.0433006,6242.703783,616.3012919
benthicNH4,1.75,0.052460667,0.027019136,1.052460667,0.027019136,937.9654783,268.5266483,891.7739353,256.3127934
lg_phytoplankton,1.75,0,0,1,0,8078.9745,2.15E-10,8078.9745,2.15E-10
sm_phytoplankton,1.75,0,0,1,0,3263.49,7.46E-11,3263.49,7.46E-11
microZoop,1.75,0.000872504,0.000740293,1.000872504,0.000740293,5078.703181,1129.600465,5074.712771,1130.412196
mesoZoop,1.75,5.47E-05,4.33E-05,1.000054687,4.33E-05,2698.324156,971.1240479,2698.185147,971.0904056
macroZoop,1.75,0.000104445,0.000115138,1.000104445,0.000115138,1199.511552,530.1749343,1199.405317,530.1613163
gelatinousZoop,1.75,-0.344563187,0.250631091,0.655436813,0.250631091,0.011523333,0.01062607,0.018369378,0.013869829
jellyfish,1.75,0.686136077,0.081429696,1.686136077,0.081429696,611.2129644,313.9422224,364.4933266,196.4193074
macrobenthos,1.75,0.015027259,0.009831022,1.015027259,0.009831022,14.3576051,17.86093232,14.14050134,17.56034401
forage_fish,1.75,-0.125443891,0.097274121,0.874556109,0.097274121,1289.14581,593.2190317,1438.951543,586.5548569
mesopelagic,1.75,-0.207387059,0.13210523,0.792612941,0.13210523,138.6123669,78.50019958,172.1428689,86.6667051
cephalopods,1.75,-0.174977315,0.110516505,0.825022685,0.110516505,29.6715684,22.23942632,35.49804108,25.28956206
pelagicFishPlanktivore,1.75,-0.236277472,0.212448134,0.763722528,0.212448134,93.11198597,62.34579477,124.8972703,73.6880428
pelagicFishPiscivore,1.75,-0.15218363,0.0867436,0.84781637,0.0867436,113.4824678,6.46E+01,132.3813448,7.03E+01
demersalFishPiscivore,1.75,-0.153591606,0.094481305,0.846408394,0.094481305,21.78392827,9.731519527,25.47973901,10.32246111
demersalFishBenthivore,1.75,-0.14358208,0.144370947,0.85641792,0.144370947,81.09775969,41.52748312,95.06010572,45.08407423
pelagicFishApexPred,1.75,-0.145998103,0.080724256,0.854001897,0.080724256,0.137749414,0.099848504,0.159640314,0.110636538
seabirds,1.75,-0.141339487,0.10928308,0.858660513,0.10928308,3.079628315,2.394359108,3.48130731,2.536373638
odontocetes,1.75,-0.139605731,0.085122464,0.860394269,0.085122464,3.922415512,2.060195304,4.507419244,2.190963303
turtle,1.75,0.415184895,0.243302029,1.415184895,0.243302029,0.001717347,0.001808628,0.001175351,0.001168638
detritusOffal,1.75,-0.125443891,0.097274121,0.874556109,0.097274121,514.8578724,260.8382647,574.7016749,263.599928
fisheries,1.75,-0.134669946,0.087264725,0.865330054,0.087264725,36.16059274,17.60854037,41.02754063,17.93291297
pelagic detritus,1.75,0.000706443,0.000573508,1.000706443,0.000573508,2369.455787,6.74E+02,2367.899206,6.74E+02
benthic detritus,1.75,0.015027259,0.009831022,1.015027259,0.009831022,382.1317269,6.59E+01,376.4783443,6.48E+01
NO3,1.8,0,0,0,0,0,0.00E+00,0,0.00E+00
pelagicNH4,1.8,-0.016312323,0.009637237,0.983687677,0.009637237,6144.055895,639.3421447,6242.703783,616.3012919
benthicNH4,1.8,0.055576136,0.028548752,1.055576136,0.028548752,940.7026148,269.2825338,891.7739353,256.3127934
lg_phytoplankton,1.8,0,0,1,0,8078.9745,2.15E-10,8078.9745,2.15E-10
sm_phytoplankton,1.8,0,0,1,0,3263.49,7.46E-11,3263.49,7.46E-11
microZoop,1.8,0.000923522,0.000782952,1.000923522,0.000782952,5078.934647,1129.546663,5074.712771,1130.412196
mesoZoop,1.8,5.79E-05,4.57E-05,1.000057867,4.57E-05,2698.332216,971.1259969,2698.185147,971.0904056
macroZoop,1.8,0.000110341,0.000120807,1.000110341,0.000120807,1199.517725,530.1759491,1199.405317,530.1613163
gelatinousZoop,1.8,-0.361558505,0.255460519,0.638441495,0.255460519,0.011206976,0.010515609,0.018369378,0.013869829
jellyfish,1.8,0.728300634,0.091668426,1.728300634,0.091668426,625.5372017,319.1413371,364.4933266,196.4193074
macrobenthos,1.8,0.015899808,0.010350365,1.015899808,0.010350365,14.37037248,17.87951451,14.14050134,17.56034401
forage_fish,1.8,-0.132567086,0.101711467,0.867432914,0.101711467,1280.235707,593.5009071,1438.951543,586.5548569
mesopelagic,1.8,-0.219475396,0.137487826,0.780524604,0.137487826,136.6159959,78.12507749,172.1428689,86.6667051
cephalopods,1.8,-0.185883024,0.116801221,0.814116976,0.116801221,29.29566987,22.0779711,35.49804108,25.28956206
pelagicFishPlanktivore,1.8,-0.24794239,0.218458742,0.75205761,0.218458742,91.53634763,61.97380182,124.8972703,73.6880428
pelagicFishPiscivore,1.8,-0.161440681,0.091404578,0.838559319,0.091404578,112.3037807,64.30635508,132.3813448,70.25997706
demersalFishPiscivore,1.8,-0.162253386,0.097959402,0.837746614,0.097959402,21.56992294,9.695996817,25.47973901,10.32246111
demersalFishBenthivore,1.8,-0.150514179,0.148149222,0.849485821,0.148149222,80.41610077,41.38023284,95.06010572,45.08407423
pelagicFishApexPred,1.8,-0.15485645,0.085207238,0.84514355,0.085207238,0.136383775,0.099202796,0.159640314,0.110636538
seabirds,1.8,-0.149023241,0.113379374,0.850976759,0.113379374,3.056379746,2.38571003,3.48130731,2.536373638
odontocetes,1.8,-0.147605766,0.088510841,0.852394234,0.088510841,3.88822287,2.052604823,4.507419244,2.190963303
turtle,1.8,0.441172861,0.25764688,1.441172861,0.25764688,0.00175015,0.001848062,0.001175351,0.001168638
detritusOffal,1.8,-0.132567086,0.101711467,0.867432914,0.101711467,511.3057088,2.61E+02,574.7016749,2.64E+02
fisheries,1.8,-0.142282571,0.091000581,0.857717429,0.091000581,35.87702199,17.58675818,41.02754063,17.93291297
pelagic detritus,1.8,0.000747658,0.000605936,1.000747658,0.000605936,2369.545963,674.3589667,2367.899206,674.3131049
benthic detritus,1.8,0.015899808,0.010350365,1.015899808,0.010350365,382.4599101,65.99790812,376.4783443,64.8256998
NO3,1.85,0,0,0,0,0,0,0,0
pelagicNH4,1.85,-0.017181506,0.010088824,0.982818494,0.010088824,6138.788647,640.5377644,6242.703783,616.3012919
benthicNH4,1.85,0.058591895,0.029977298,1.058591895,0.029977298,943.345345,269.9927998,891.7739353,256.3127934
lg_phytoplankton,1.85,0,0,1,0,8078.9745,2.15E-10,8078.9745,2.15E-10
sm_phytoplankton,1.85,0,0,1,0,3263.49,7.46E-11,3263.49,7.46E-11
microZoop,1.85,0.0009726,0.000822258,1.0009726,0.000822258,5079.15756,1.13E+03,5074.712771,1.13E+03
mesoZoop,1.85,6.09E-05,4.80E-05,1.000060946,4.80E-05,2698.339986,9.71E+02,2698.185147,9.71E+02
macroZoop,1.85,0.000116033,0.000126387,1.000116033,0.000126387,1199.52366,5.30E+02,1199.405317,5.30E+02
gelatinousZoop,1.85,-0.377506942,0.258851079,0.622493058,0.258851079,0.010913518,0.010400789,0.018369378,0.013869829
jellyfish,1.85,0.76955603,0.102273546,1.76955603,0.102273546,639.3306777,323.6341575,364.4933266,196.4193074
macrobenthos,1.85,0.016741409,0.010833505,1.016741409,0.010833505,14.38260775,17.89753689,14.14050134,17.56034401
forage_fish,1.85,-0.139393781,0.105742546,0.860606219,0.105742546,1271.621843,593.6730818,1438.951543,586.5548569
mesopelagic,1.85,-0.231272949,0.142560279,0.768727051,0.142560279,134.6614942,77.76582664,172.1428689,86.6667051
cephalopods,1.85,-0.196653335,0.122991514,0.803346665,0.122991514,28.92231575,21.92254129,35.49804108,25.28956206
pelagicFishPlanktivore,1.85,-0.258712154,0.222898202,0.741287846,0.222898202,90.10407971,61.5533722,124.8972703,73.6880428
pelagicFishPiscivore,1.85,-0.17052784,0.095959724,0.82947216,0.095959724,111.1441785,64.00900013,132.3813448,70.25997706
demersalFishPiscivore,1.85,-0.170585805,0.100953896,0.829414195,0.100953896,21.36384267,9.65938174,25.47973901,10.32246111
demersalFishBenthivore,1.85,-0.156993042,0.151178708,0.843006958,0.151178708,79.78118871,41.22435344,95.06010572,45.08407423
pelagicFishApexPred,1.85,-0.163512711,0.089489272,0.836487289,0.089489272,0.135045036,0.098570324,0.159640314,0.110636538
seabirds,1.85,-0.156294461,0.11674142,0.843705539,0.11674142,3.034118637,2.37690121,3.48130731,2.536373638
odontocetes,1.85,-0.155358247,0.09166626,0.844641753,0.09166626,3.854974443,2.044971007,4.507419244,2.190963303
turtle,1.85,0.466563266,0.271629086,1.466563266,0.271629086,0.00178163,0.001884492,0.001175351,0.001168638
detritusOffal,1.85,-0.139393781,0.105742546,0.860606219,0.105742546,507.8662853,260.4312164,574.7016749,263.599928
fisheries,1.85,-0.149576076,0.094299338,0.850423924,0.094299338,35.60379946,17.56144705,41.02754063,17.93291297
pelagic detritus,1.85,0.00078733,0.000635782,1.00078733,0.000635782,2369.632912,674.3594292,2367.899206,674.3131049
benthic detritus,1.85,0.016741409,0.010833505,1.016741409,0.010833505,382.7758836,66.06075773,376.4783443,64.8256998
NO3,1.9,0,0,0,0,0,0,0,0
pelagicNH4,1.9,-0.018038809,0.010537608,0.981961191,0.010537608,6133.593255,641.7265823,6242.703783,616.3012919
benthicNH4,1.9,0.061565777,0.031386266,1.061565777,0.031386266,945.9525289,270.7069967,891.7739353,256.3127934
lg_phytoplankton,1.9,0,0,1,0,8078.9745,2.15E-10,8078.9745,2.15E-10
sm_phytoplankton,1.9,0,0,1,0,3263.49,7.46E-11,3263.49,7.46E-11
microZoop,1.9,0.001021084,0.000861655,1.001021084,0.000861655,5079.377463,1129.444466,5074.712771,1130.412196
mesoZoop,1.9,6.40E-05,5.02E-05,1.000063969,5.02E-05,2698.347633,971.1296598,2698.185147,971.0904056
macroZoop,1.9,0.000121629,0.000131834,1.000121629,0.000131834,1199.52953,530.1779058,1199.405317,530.1613163
gelatinousZoop,1.9,-0.393005747,0.261962152,0.606994253,0.261962152,0.010630574,0.010288846,0.018369378,0.013869829
jellyfish,1.9,0.81042509,0.113549283,1.81042509,0.113549283,652.9288747,328.0408676,364.4933266,196.4193074
macrobenthos,1.9,0.017571017,0.011315672,1.017571017,0.011315672,14.39464306,1.79E+01,14.14050134,1.76E+01
forage_fish,1.9,-0.146110139,0.109690288,0.853889861,0.109690288,1263.107326,593.8423772,1438.951543,586.5548569
mesopelagic,1.9,-0.242919869,0.147406233,0.757080131,0.147406233,132.7284606,77.41705323,172.1428689,86.6667051
cephalopods,1.9,-0.207343784,0.129091233,0.792656216,0.129091233,28.55025183,21.77283792,35.49804108,25.28956206
pelagicFishPlanktivore,1.9,-0.269098627,0.226921235,0.730901373,0.226921235,88.72494387,61.15296258,124.8972703,73.6880428
pelagicFishPiscivore,1.9,-0.179541445,0.100511735,0.820458555,0.100511735,109.9918933,63.72209386,132.3813448,70.25997706
demersalFishPiscivore,1.9,-0.178779127,0.103852377,0.821220873,0.103852377,21.16073832,9.623120991,25.47973901,10.32246111
demersalFishBenthivore,1.9,-0.16326201,0.154025686,0.83673799,0.154025686,79.1664258,41.07539515,95.06010572,45.08407423
pelagicFishApexPred,1.9,-0.172083579,0.093713493,0.827916421,0.093713493,0.133715987,0.097949181,0.159640314,0.110636538
seabirds,1.9,-0.163402743,0.119967702,0.836597257,0.119967702,3.01216625,2.37E+00,3.48130731,2.54E+00
odontocetes,1.9,-0.163001553,0.094792077,0.836998447,0.094792077,3.822157733,2.04E+00,4.507419244,2.19E+00
turtle,1.9,0.491672155,0.285594541,1.491672155,0.285594541,0.001812385,1.92E-03,0.001175351,1.17E-03
detritusOffal,1.9,-0.146110139,0.109690288,0.853889861,0.109690288,504.4641973,260.214068,574.7016749,263.599928
fisheries,1.9,-0.156736257,0.097491731,0.843263743,0.097491731,35.33417344,17.53550124,41.02754063,17.93291297
pelagic detritus,1.9,0.000826509,0.000665658,1.000826509,0.000665658,2369.718643,674.3593606,2367.899206,674.3131049
benthic detritus,1.9,0.017571017,0.011315672,1.017571017,0.011315672,383.0875274,66.12391588,376.4783443,64.8256998
NO3,1.95,0,0,0,0,0,0,0,0
pelagicNH4,1.95,-0.018875562,0.010959741,0.981124438,0.010959741,6128.514257,642.8182947,6242.703783,616.3012919
benthicNH4,1.95,0.064485832,0.032778948,1.064485832,0.032778948,948.5075067,271.3934594,891.7739353,256.3127934
lg_phytoplankton,1.95,0,0,1,0,8078.9745,2.15E-10,8078.9745,2.15E-10
sm_phytoplankton,1.95,0,0,1,0,3263.49,7.46E-11,3263.49,7.46E-11
microZoop,1.95,0.001068185,0.000898727,1.001068185,0.000898727,5079.591885,1129.397193,5074.712771,1130.412196
mesoZoop,1.95,6.69E-05,5.23E-05,1.000066912,5.23E-05,2698.35504,971.1313055,2698.185147,971.0904056
macroZoop,1.95,0.000127075,0.000136784,1.000127075,0.000136784,1199.535292,530.178909,1199.405317,530.1613163
gelatinousZoop,1.95,-0.407959421,0.264613633,0.592040579,0.264613633,0.010359336,0.010178433,0.018369378,0.013869829
jellyfish,1.95,0.850764552,0.125268941,1.850764552,0.125268941,666.2121272,332.047807,364.4933266,196.4193074
macrobenthos,1.95,0.018382118,0.011782456,1.018382118,0.011782456,14.40642332,17.93305086,14.14050134,17.56034401
forage_fish,1.95,-0.152644995,0.11333836,0.847355005,0.11333836,1254.800136,593.9975302,1438.951543,586.5548569
mesopelagic,1.95,-0.254428318,0.152229476,0.745571682,0.152229476,130.8153971,77.08968756,172.1428689,86.6667051
cephalopods,1.95,-0.217954419,0.135169314,0.782045581,0.135169314,28.17957933,21.62945516,35.49804108,25.28956206
pelagicFishPlanktivore,1.95,-0.279105551,0.230692882,0.720894449,0.230692882,87.40696704,60.77063519,124.8972703,73.6880428
pelagicFishPiscivore,1.95,-0.188465931,0.105067361,0.811534069,0.105067361,108.8495893,63.44749133,132.3813448,70.25997706
demersalFishPiscivore,1.95,-0.186803186,0.106608364,0.813196814,0.106608364,20.96212696,9.589201724,25.47973901,10.32246111
demersalFishBenthivore,1.95,-0.169332628,0.156723629,0.830667372,0.156723629,78.57691419,4.09E+01,95.06010572,4.51E+01
pelagicFishApexPred,1.95,-0.18054779,0.09789533,0.81945221,0.09789533,0.132400132,0.097340969,0.159640314,0.110636538
seabirds,1.95,-0.170299591,0.123003246,0.829700409,0.123003246,2.990599946,2.359401365,3.48130731,2.536373638
odontocetes,1.95,-0.170493767,0.097813167,0.829506233,0.097813167,3.790077445,2.030348406,4.507419244,2.190963303
turtle,1.95,0.516440102,0.299489925,1.516440102,0.299489925,0.001842265,0.001952182,0.001175351,0.001168638
detritusOffal,1.95,-0.152644995,0.11333836,0.847355005,0.11333836,501.1444939,260.0113435,574.7016749,263.599928
fisheries,1.95,-0.163725148,0.100513932,0.836274852,0.100513932,35.07088336,17.51201151,41.02754063,17.93291297
pelagic detritus,1.95,0.000864612,0.000693947,1.000864612,0.000693947,2369.801856,674.3590504,2367.899206,674.3131049
benthic detritus,1.95,0.018382118,0.011782456,1.018382118,0.011782456,383.3914995,66.18136655,376.4783443,64.8256998
NO3,2,0,0,0,0,0,0.00E+00,0,0.00E+00
pelagicNH4,2,-0.019700712,0.011380427,0.980299288,0.011380427,6123.50532,6.44E+02,6242.703783,6.16E+02
benthicNH4,2,0.067364082,0.034153756,1.067364082,0.034153756,951.0279065,2.72E+02,891.7739353,2.56E+02
lg_phytoplankton,2,0,0,1,0,8078.9745,2.15E-10,8078.9745,2.15E-10
sm_phytoplankton,2,0,0,1,0,3263.49,7.46E-11,3263.49,7.46E-11
microZoop,2,0.001114562,0.000935139,1.001114562,0.000935139,5079.803219,1129.351364,5074.712771,1130.412196
mesoZoop,2,6.98E-05,5.44E-05,1.000069809,5.44E-05,2698.362323,971.1329104,2698.185147,971.0904056
macroZoop,2,0.000132456,0.000141747,1.000132456,0.000141747,1199.540991,530.1799081,1199.405317,530.1613163
gelatinousZoop,2,-0.422538475,0.267110701,0.577461525,0.267110701,0.010094881,0.01007325,0.018369378,0.013869829
jellyfish,2,0.890722548,0.137480561,1.890722548,0.137480561,679.3016389,335.9764156,364.4933266,196.4193074
macrobenthos,2,0.019182242,0.012249002,1.019182242,0.012249002,14.41809807,17.95079092,14.14050134,17.56034401
forage_fish,2,-0.159073414,0.116951215,0.840926586,0.116951215,1246.599051,594.1794089,1438.951543,586.5548569
mesopelagic,2,-0.265852212,0.157137168,0.734147788,0.157137168,128.9171549,76.79110607,172.1428689,86.6667051
cephalopods,2,-0.228517697,0.141264502,0.771482303,0.141264502,27.8097585,21.49262022,35.49804108,25.28956206
pelagicFishPlanktivore,2,-0.288781676,0.234182067,0.711218324,0.234182067,86.14138287,60.40199943,124.8972703,73.6880428
pelagicFishPiscivore,2,-0.197319809,0.10963661,0.802680191,0.10963661,107.7155105,63.185832,132.3813448,70.25997706
demersalFishPiscivore,2,-0.194723593,0.10936106,0.805276407,0.10936106,20.76580292,9.556795412,25.47973901,10.32246111
demersalFishBenthivore,2,-0.175247898,0.159300411,0.824752102,0.159300411,78.00691972,40.81440208,95.06010572,45.08407423
pelagicFishApexPred,2,-0.188950685,0.102114483,0.811049315,0.102114483,0.131091957,0.096745588,0.159640314,0.110636538
seabirds,2,-0.17705193,0.125950076,0.82294807,0.125950076,2.969295496,2.350834396,3.48130731,2.536373638
odontocetes,2,-0.177890544,0.100847401,0.822109456,0.100847401,3.758384285,2.023431943,4.507419244,2.190963303
turtle,2,0.54092341,0.313403506,1.54092341,0.313403506,0.00187162,0.001984006,0.001175351,0.001168638
detritusOffal,2,-0.159073414,0.116951215,0.840926586,0.116951215,497.865526,259.8174321,574.7016749,263.599928
fisheries,2,-0.170605436,0.103535172,0.829394564,0.103535172,34.81127405,17.48925024,41.02754063,17.93291297
pelagic detritus,2,0.000902154,0.000721898,1.000902154,0.000721898,2369.883821,6.74E+02,2367.899206,6.74E+02
benthic detritus,2,0.019182242,0.012249002,1.019182242,0.012249002,383.6912156,66.23771858,376.4783443,64.8256998
NO3,2.05,0,0,0,0,0,0,0,0
pelagicNH4,2.05,-0.020512463,0.011803502,0.979487537,0.011803502,6118.580295,645.0031419,6242.703783,616.3012919
benthicNH4,2.05,0.070193606,0.035523957,1.070193606,0.035523957,953.50956,272.787196,891.7739353,256.3127934
lg_phytoplankton,2.05,0,0,1,0,8078.9745,2.15E-10,8078.9745,2.15E-10
sm_phytoplankton,2.05,0,0,1,0,3263.49,7.46E-11,3263.49,7.46E-11
microZoop,2.05,0.001160161,0.000971506,1.001160161,0.000971506,5080.010657,1129.304887,5074.712771,1130.412196
mesoZoop,2.05,7.27E-05,5.65E-05,1.000072654,5.65E-05,2698.369478,971.1345191,2698.185147,971.0904056
macroZoop,2.05,0.000137718,0.000146619,1.000137718,0.000146619,1199.546585,5.30E+02,1199.405317,5.30E+02
gelatinousZoop,2.05,-0.43665148,0.269313012,0.56334852,0.269313012,0.009838979,9.97E-03,0.018369378,1.39E-02
jellyfish,2.05,0.930147643,0.150046842,1.930147643,0.150046842,692.1557056,3.40E+02,364.4933266,1.96E+02
macrobenthos,2.05,0.019966848,0.012707783,1.019966848,0.012707783,14.42961596,17.96850786,14.14050134,17.56034401
forage_fish,2.05,-0.165364391,0.120572447,0.834635609,0.120572447,1238.551132,594.3692514,1438.951543,586.5548569
mesopelagic,2.05,-0.277144117,0.162000718,0.722855883,0.162000718,127.0354318,76.51246378,172.1428689,86.6667051
cephalopods,2.05,-0.239025697,0.147371147,0.760974303,0.147371147,27.44086728,21.36270258,35.49804108,25.28956206
pelagicFishPlanktivore,2.05,-0.298059085,0.237304854,0.701940915,0.237304854,84.91789639,60.04324133,124.8972703,73.6880428
pelagicFishPiscivore,2.05,-0.206097861,0.114204888,0.793902139,0.114204888,106.5883616,62.93627591,132.3813448,70.25997706
demersalFishPiscivore,2.05,-0.202489952,0.111999331,0.797510048,0.111999331,20.57281078,9.525174158,25.47973901,10.32246111
demersalFishBenthivore,2.05,-0.180911301,0.161461179,0.819088699,0.161461179,77.45987831,40.68367144,95.06010572,45.08407423
pelagicFishApexPred,2.05,-0.197266304,0.106324038,0.802733696,0.106324038,0.129794675,0.096166461,0.159640314,0.110636538
seabirds,2.05,-0.183632215,0.128864417,0.816367785,0.128864417,2.948499823,2.342668505,3.48130731,2.536373638
odontocetes,2.05,-0.185153989,0.103798324,0.814846011,0.103798324,3.727210268,2.016741674,4.507419244,2.190963303
turtle,2.05,0.565056181,0.327345417,1.565056181,0.327345417,0.001900547,0.00201575,0.001175351,0.001168638
detritusOffal,2.05,-0.165364391,0.120572447,0.834635609,0.120572447,494.64847,259.6346723,574.7016749,263.599928
fisheries,2.05,-0.177348221,0.106552651,0.822651779,0.106552651,34.55674721,17.46746117,41.02754063,17.93291297
pelagic detritus,2.05,0.000939066,0.000749853,1.000939066,0.000749853,2369.964308,674.3578492,2367.899206,674.3131049
benthic detritus,2.05,0.019966848,0.012707783,1.019966848,0.012707783,383.9854606,66.29500147,376.4783443,64.8256998
NO3,2.1,0,0,0,0,0,0,0,0
pelagicNH4,2.1,-0.02130776,0.012210815,0.97869224,0.012210815,6113.754892,646.0815861,6242.703783,616.3012919
benthicNH4,2.1,0.072969391,0.036864746,1.072969391,0.036864746,955.9412563,273.4687993,891.7739353,256.3127934
lg_phytoplankton,2.1,0,0,1,0,8078.9745,2.15E-10,8078.9745,2.15E-10
sm_phytoplankton,2.1,0,0,1,0,3263.49,7.46E-11,3263.49,7.46E-11
microZoop,2.1,0.001204829,0.001006847,1.001204829,0.001006847,5080.213997,1129.259815,5074.712771,1130.412196
mesoZoop,2.1,7.54E-05,5.85E-05,1.000075447,5.85E-05,2698.376497,971.1361112,2698.185147,971.0904056
macroZoop,2.1,0.000142877,0.000151423,1.000142877,0.000151423,1199.552066,530.1819084,1199.405317,530.1613163
gelatinousZoop,2.1,-0.450288509,0.271179093,0.549711491,0.271179093,0.009592726,0.009870522,0.018369378,0.013869829
jellyfish,2.1,0.969056844,0.162928776,1.969056844,0.162928776,704.7461069,343.5786314,364.4933266,196.4193074
macrobenthos,2.1,0.02073566,0.01315169,1.02073566,0.01315169,14.44076757,17.98524942,14.14050134,17.56034401
forage_fish,2.1,-0.171486757,0.124025225,0.828513243,0.124025225,1230.692499,594.5638852,1438.951543,586.5548569
mesopelagic,2.1,-0.288357181,0.166910883,0.711642819,0.166910883,125.1663414,76.25968799,172.1428689,8.67E+01
cephalopods,2.1,-0.249501494,0.153513265,0.750498506,0.153513265,27.07279322,21.23985838,35.49804108,25.28956206
pelagicFishPlanktivore,2.1,-0.306986749,0.240208325,0.693013251,0.240208325,83.73689853,59.70417368,124.8972703,73.6880428
pelagicFishPiscivore,2.1,-0.214803483,0.118771408,0.785196517,0.118771408,105.4690212,62.69887701,132.3813448,70.25997706
demersalFishPiscivore,2.1,-0.210121999,0.114580107,0.789878001,0.114580107,20.38316222,9.494821206,25.47973901,10.32246111
demersalFishBenthivore,2.1,-0.186373916,0.163460273,0.813626084,0.163460273,76.93129548,40.55678138,95.06010572,45.08407423
pelagicFishApexPred,2.1,-0.205499666,0.110487368,0.794500334,0.110487368,0.12850877,0.095601634,0.159640314,0.110636538
seabirds,2.1,-0.190028639,0.131660564,0.809971361,0.131660564,2.928271938,2.334733129,3.48130731,2.536373638
odontocetes,2.1,-0.192302794,0.106722446,0.807697206,0.106722446,3.69658507,2.010473348,4.507419244,2.190963303
turtle,2.1,0.588823361,0.341254061,1.588823361,0.341254061,0.001928716,0.002045781,0.001175351,1.17E-03
detritusOffal,2.1,-0.171486757,0.124025225,0.828513243,0.124025225,491.504632,259.4476674,574.7016749,2.64E+02
fisheries,2.1,-0.183940529,0.109460505,0.816059471,0.109460505,34.30785348,17.44645021,41.02754063,1.79E+01
pelagic detritus,2.1,0.000975245,0.000777189,1.000975245,0.000777189,2370.043179,674.357203,2367.899206,674.3131049
benthic detritus,2.1,0.02073566,0.01315169,1.02073566,0.01315169,384.2736879,66.35113309,376.4783443,64.8256998
NO3,2.15,0,0,0,0,0,0,0,0
pelagicNH4,2.15,-0.022093512,0.012616534,0.977906488,0.012616534,6108.987019,647.1492019,6242.703783,616.3012919
benthicNH4,2.15,0.075714621,0.038205208,1.075714621,0.038205208,958.3474917,274.1551966,891.7739353,256.3127934
lg_phytoplankton,2.15,0,0,1,0,8078.9745,2.15E-10,8078.9745,2.15E-10
sm_phytoplankton,2.15,0,0,1,0,3263.49,7.46E-11,3263.49,7.46E-11
microZoop,2.15,0.001248966,0.001042268,1.001248966,0.001042268,5080.414846,1129.215206,5074.712771,1130.412196
mesoZoop,2.15,7.82E-05,6.05E-05,1.000078201,6.05E-05,2698.38343,971.1377196,2698.185147,971.0904056
macroZoop,2.15,0.000147972,0.000156226,1.000147972,0.000156226,1199.557483,530.1828968,1199.405317,530.1613163
gelatinousZoop,2.15,-0.463665323,0.273065565,0.536334677,0.273065565,0.009351426,0.009776072,0.018369378,0.013869829
jellyfish,2.15,1.007657606,0.176202882,2.007657606,0.176202882,717.1959333,347.3089674,364.4933266,196.4193074
macrobenthos,2.15,0.021495033,0.013595114,1.021495033,0.013595114,14.45162526,18.00085345,14.14050134,17.56034401
forage_fish,2.15,-0.177524588,0.127485326,0.822475412,0.127485326,1222.932562,594.7819134,1438.951543,586.5548569
mesopelagic,2.15,-0.299512889,0.171895741,0.700487111,0.171895741,123.3074352,7.60E+01,172.1428689,86.6667051
cephalopods,2.15,-0.259940391,0.15965516,0.740059609,0.15965516,26.70542898,21.12378697,35.49804108,25.28956206
pelagicFishPlanktivore,2.15,-0.315725441,0.243163381,0.684274559,0.243163381,82.57911192,59.4008825,124.8972703,73.6880428
pelagicFishPiscivore,2.15,-0.223466158,0.123365496,0.776533842,0.123365496,104.3549932,62.47564311,132.3813448,70.25997706
demersalFishPiscivore,2.15,-0.217695487,0.117255537,0.782304513,0.117255537,20.19496166,9.4663703,25.47973901,10.32246111
demersalFishBenthivore,2.15,-0.191754736,0.165542384,0.808245264,0.165542384,76.41014422,40.43945078,95.06010572,45.08407423
pelagicFishApexPred,2.15,-0.213689838,0.114684418,0.786310162,0.114684418,0.127229359,0.095051971,0.159640314,0.110636538
seabirds,2.15,-0.196330267,0.134503591,0.803669733,0.134503591,2.90831005,2.327013138,3.48130731,2.54E+00
odontocetes,2.15,-0.199398691,0.109729661,0.800601309,0.109729661,3.666191724,2.004517535,4.507419244,2.190963303
turtle,2.15,0.612416847,0.35522406,1.612416847,0.35522406,0.001956332,2.07E-03,0.001175351,0.001168638
detritusOffal,2.15,-0.177524588,0.127485326,0.822475412,0.127485326,488.3968641,2.59E+02,574.7016749,263.599928
fisheries,2.15,-0.19045872,0.112411325,0.80954128,0.112411325,34.06148001,1.74E+01,41.02754063,17.93291297
pelagic detritus,2.15,0.001010988,0.000804562,1.001010988,0.000804562,2370.121074,674.3566217,2367.899206,674.3131049
benthic detritus,2.15,0.021495033,0.013595114,1.021495033,0.013595114,384.5581447,66.40592873,376.4783443,64.8256998
NO3,2.2,0,0,0,0,0,0,0,0
pelagicNH4,2.2,-0.022864294,0.013016715,0.977135706,0.013016715,6104.310489,648.2020347,6242.703783,616.3012919
benthicNH4,2.2,0.078404223,0.039506291,1.078404223,0.039506291,960.7053233,274.8340016,891.7739353,2.56E+02
lg_phytoplankton,2.2,0,0,1,0,8078.9745,2.15E-10,8078.9745,2.15E-10
sm_phytoplankton,2.2,0,0,1,0,3263.49,7.46E-11,3263.49,7.46E-11
microZoop,2.2,0.00129229,0.001077275,1.00129229,0.001077275,5080.612037,1129.171724,5074.712771,1130.412196
mesoZoop,2.2,8.09E-05,6.25E-05,1.00008091,6.25E-05,2698.390248,971.1392988,2698.185147,971.0904056
macroZoop,2.2,0.000152956,0.000160982,1.000152956,0.000160982,1199.562789,530.1838976,1199.405317,530.1613163
gelatinousZoop,2.2,-0.476592509,0.274688113,0.523407491,0.274688113,0.009119271,0.00968412,0.018369378,0.013869829
jellyfish,2.2,1.045710104,0.189684339,2.045710104,0.189684339,729.3909793,350.9182603,364.4933266,196.4193074
macrobenthos,2.2,0.022240848,0.014034036,1.022240848,0.014034036,14.46225354,18.01632046,14.14050134,17.56034401
forage_fish,2.2,-0.183439453,0.130937717,0.816560547,0.130937717,1215.347187,595.0674255,1438.951543,586.5548569
mesopelagic,2.2,-0.310553609,0.176853191,0.689446391,0.176853191,121.4652471,75.84019525,172.1428689,86.6667051
cephalopods,2.2,-0.270316451,0.165724946,0.729683549,0.165724946,26.33959001,21.01423391,35.49804108,25.28956206
pelagicFishPlanktivore,2.2,-0.324123221,0.24591928,0.675876779,0.24591928,81.4685369,59.11654254,124.8972703,73.6880428
pelagicFishPiscivore,2.2,-0.232042194,0.127926666,0.767957806,0.127926666,103.2507752,62.26442238,132.3813448,70.25997706
demersalFishPiscivore,2.2,-0.225159165,0.119982258,0.774840835,0.119982258,20.00939907,9.439534166,25.47973901,10.32246111
demersalFishBenthivore,2.2,-0.196991873,0.167614189,0.803008127,0.167614189,75.90289597,40.32936344,95.06010572,45.08407423
pelagicFishApexPred,2.2,-0.221799601,0.118892342,0.778200399,0.118892342,0.1259628,0.094521131,0.159640314,0.110636538
seabirds,2.2,-0.202475414,0.137273148,0.797524586,0.137273148,2.888817316,2.32E+00,3.48130731,2.536373638
odontocetes,2.2,-0.206396877,0.112789946,0.793603123,0.112789946,3.63625171,1.998884109,4.507419244,2.190963303
turtle,2.2,0.635734113,0.369154521,1.635734113,0.369154521,0.001983568,0.002101422,0.001175351,0.001168638
detritusOffal,2.2,-0.183439453,0.130937717,0.816560547,0.130937717,485.362721,259.133447,574.7016749,263.599928
fisheries,2.2,-0.196859266,0.115387333,0.803140734,0.115387333,33.8202189,17.40981954,41.02754063,17.93291297
pelagic detritus,2.2,0.00104609,0.000831693,1.00104609,0.000831693,2370.19753,674.3560449,2367.899206,674.3131049
benthic detritus,2.2,0.022240848,0.014034036,1.022240848,0.014034036,384.8373797,66.4598784,376.4783443,64.8256998
NO3,2.25,0,0,0,0,0,0,0,0.00E+00
pelagicNH4,2.25,-0.023618162,0.013402681,0.976381838,0.013402681,6099.735203,649.2181579,6242.703783,616.3012919
benthicNH4,2.25,0.081041048,0.04078864,1.081041048,0.04078864,963.013913,2.75E+02,891.7739353,256.3127934
lg_phytoplankton,2.25,0,0,1,0,8078.9745,2.15E-10,8078.9745,2.15E-10
sm_phytoplankton,2.25,0,0,1,0,3263.49,7.46E-11,3263.49,7.46E-11
microZoop,2.25,0.001334606,0.001110904,1.001334606,0.001110904,5080.804714,1129.130144,5074.712771,1130.412196
mesoZoop,2.25,8.36E-05,6.45E-05,1.000083574,6.45E-05,2698.396927,971.1407775,2698.185147,971.0904056
macroZoop,2.25,0.000157815,0.000165619,1.000157815,0.000165619,1199.567958,530.1848912,1199.405317,530.1613163
gelatinousZoop,2.25,-0.489075257,0.27604553,0.510924743,0.27604553,0.008898361,0.009593354,0.018369378,0.013869829
jellyfish,2.25,1.083194037,0.203335424,2.083194037,0.203335424,741.3014815,354.3083681,364.4933266,1.96E+02
macrobenthos,2.25,0.022970774,0.014459507,1.022970774,0.014459507,14.47266015,18.03170938,14.14050134,1.76E+01
forage_fish,2.25,-0.189184917,0.134210082,0.810815083,0.134210082,1207.956699,595.2999745,1438.951543,5.87E+02
mesopelagic,2.25,-0.3214818,0.181814068,0.6785182,0.181814068,119.6420486,75.67103078,172.1428689,86.6667051
cephalopods,2.25,-0.280641791,0.171826601,0.719358209,0.171826601,25.97483436,20.91174112,35.49804108,25.28956206
pelagicFishPlanktivore,2.25,-0.332179225,0.248396227,0.667820775,0.248396227,80.40610917,58.83272658,124.8972703,73.6880428
pelagicFishPiscivore,2.25,-0.240531878,0.132474409,0.759468122,0.132474409,102.1559049,62.06606501,132.3813448,70.25997706
demersalFishPiscivore,2.25,-0.232503494,0.122702872,0.767496506,0.122702872,19.82689778,9.414325458,25.47973901,10.32246111
demersalFishBenthivore,2.25,-0.202027109,0.169499523,0.797972891,0.169499523,75.41702227,40.22188109,95.06010572,45.08407423
pelagicFishApexPred,2.25,-0.229817073,0.123068109,0.770182927,0.123068109,0.124709289,0.094003994,0.159640314,0.110636538
seabirds,2.25,-0.208424048,0.139842805,0.791575952,0.139842805,2.869821491,2.312577491,3.48130731,2.536373638
odontocetes,2.25,-0.213262621,0.115779797,0.786737379,0.115779797,3.606929218,1.993440367,4.507419244,2.190963303
turtle,2.25,0.658752767,0.382897336,1.658752767,0.382897336,0.002010163,0.002127889,0.001175351,0.001168638
detritusOffal,2.25,-0.189184917,0.134210082,0.810815083,0.134210082,482.4077015,258.9836111,574.7016749,263.599928
fisheries,2.25,-0.203099063,0.118206407,0.796900937,0.118206407,33.58479746,17.39226413,41.02754063,17.93291297
pelagic detritus,2.25,0.001080406,0.000857872,1.001080406,0.000857872,2370.272422,674.3561029,2367.899206,674.3131049
benthic detritus,2.25,0.022970774,0.014459507,1.022970774,0.014459507,385.1103055,66.51094801,376.4783443,64.8256998
NO3,2.3,0,0,0,0,0,0.00E+00,0,0
pelagicNH4,2.3,-0.024356663,0.013776097,0.975643337,0.013776097,6095.249978,650.1920358,6242.703783,616.3012919
benthicNH4,2.3,0.083623146,0.042037262,1.083623146,0.042037262,965.2773964,276.1594733,891.7739353,256.3127934
lg_phytoplankton,2.3,0,0,1,0,8078.9745,2.15E-10,8078.9745,2.15E-10
sm_phytoplankton,2.3,0,0,1,0,3263.49,7.46E-11,3263.49,7.46E-11
microZoop,2.3,0.001375971,0.00114269,1.001375971,0.00114269,5080.993453,1129.090552,5074.712771,1130.412196
mesoZoop,2.3,8.62E-05,6.65E-05,1.000086187,6.65E-05,2698.403463,971.1421846,2698.185147,971.0904056
macroZoop,2.3,0.000162582,0.00017023,1.000162582,0.00017023,1199.573027,530.1858531,1199.405317,5.30E+02
gelatinousZoop,2.3,-0.501122983,0.277106687,0.498877017,0.277106687,0.008686028,0.00950409,0.018369378,0.013869829
jellyfish,2.3,1.120126581,0.217164371,2.120126581,0.217164371,752.9454361,3.58E+02,364.4933266,196.4193074
macrobenthos,2.3,0.023687143,0.014880389,1.023687143,0.014880389,14.48284968,1.80E+01,14.14050134,17.56034401
forage_fish,2.3,-0.194783903,0.137396544,0.805216097,0.137396544,1200.750753,5.96E+02,1438.951543,586.5548569
mesopelagic,2.3,-0.332302514,0.186773649,0.667697486,0.186773649,117.8350759,75.53002761,172.1428689,86.6667051
cephalopods,2.3,-0.290886225,0.177859845,0.709113775,0.177859845,25.61232767,20.81458232,35.49804108,25.28956206
pelagicFishPlanktivore,2.3,-0.339917769,0.250666198,0.660082231,0.250666198,79.38684908,58.56048545,124.8972703,73.6880428
pelagicFishPiscivore,2.3,-0.248932494,0.136958403,0.751067506,0.136958403,101.0695761,61.87958231,132.3813448,70.25997706
demersalFishPiscivore,2.3,-0.239707316,0.125343339,0.760292684,0.125343339,19.64822287,9.390660427,25.47973901,1.03E+01
demersalFishBenthivore,2.3,-0.206855522,0.171167735,0.793144478,0.171167735,74.95048015,40.1158554,95.06010572,4.51E+01
pelagicFishApexPred,2.3,-0.237731798,0.12715856,0.762268202,0.12715856,0.123469761,0.093496504,0.159640314,1.11E-01
seabirds,2.3,-0.214213997,0.142346063,0.785786003,0.142346063,2.851339991,2.305606877,3.48130731,2.536373638
odontocetes,2.3,-0.21999594,0.118674976,0.78000406,0.118674976,3.578185317,1.988104697,4.507419244,2.190963303
turtle,2.3,0.681398824,0.396560084,1.681398824,0.396560084,0.002036297,0.002154479,0.001175351,0.001168638
detritusOffal,2.3,-0.194783903,0.137396544,0.805216097,0.137396544,479.5316136,258.8572352,574.7016749,263.599928
fisheries,2.3,-0.209186264,0.120904002,0.790813736,0.120904002,33.35529383,17.37513035,41.02754063,17.93291297
pelagic detritus,2.3,0.00111396,0.00088274,1.00111396,0.00088274,2370.345639,674.3560825,2367.899206,674.3131049
benthic detritus,2.3,0.023687143,0.014880389,1.023687143,0.014880389,385.3777019,66.55849575,376.4783443,64.8256998
NO3,2.35,0,0,0,0,0,0,0,0
pelagicNH4,2.35,-0.025082991,0.014144742,0.974917009,0.014144742,6090.837751,651.1517299,6242.703783,616.3012919
benthicNH4,2.35,0.086163153,0.043271374,1.086163153,0.043271374,967.5057838,276.826116,891.7739353,256.3127934
lg_phytoplankton,2.35,0,0,1,0,8078.9745,2.15E-10,8078.9745,2.15E-10
sm_phytoplankton,2.35,0,0,1,0,3263.49,7.46E-11,3263.49,7.46E-11
microZoop,2.35,0.001416717,0.001174336,1.001416717,0.001174336,5081.179146,1129.050792,5074.712771,1130.412196
mesoZoop,2.35,8.88E-05,6.85E-05,1.000088761,6.85E-05,2698.409907,971.1435641,2698.185147,971.0904056
macroZoop,2.35,0.000167228,0.00017426,1.000167228,0.00017426,1199.577998,5.30E+02,1199.405317,530.1613163
gelatinousZoop,2.35,-0.51285022,0.278078519,0.48714978,0.278078519,0.008478927,0.009419468,0.018369378,0.013869829
jellyfish,2.35,1.156612023,0.231244343,2.156612023,0.231244343,764.388286,360.6765691,364.4933266,196.4193074
macrobenthos,2.35,0.024391228,0.015293901,1.024391228,0.015293901,14.49267729,18.05824511,14.14050134,17.56034401
forage_fish,2.35,-0.200283307,0.14058855,0.799716693,0.14058855,1193.664997,595.8093655,1438.951543,586.5548569
mesopelagic,2.35,-0.342996083,0.191611061,0.657003917,0.191611061,116.0523443,75.40268316,172.1428689,86.6667051
cephalopods,2.35,-0.30102825,0.183683656,0.69897175,0.183683656,25.25438958,20.72008265,35.49804108,25.28956206
pelagicFishPlanktivore,2.35,-0.347438248,0.252836251,0.652561752,0.252836251,78.40283441,58.29529566,124.8972703,7.37E+01
pelagicFishPiscivore,2.35,-0.257247933,0.141370086,0.742752067,0.141370086,99.99143428,61.70241884,132.3813448,70.25997706
demersalFishPiscivore,2.35,-0.246792285,0.127947996,0.753207715,0.127947996,19.47310406,9.37E+00,25.47973901,10.32246111
demersalFishBenthivore,2.35,-0.211547219,0.172755849,0.788452781,0.172755849,74.49844703,4.00E+01,95.06010572,45.08407423
pelagicFishApexPred,2.35,-0.24554044,0.131119618,0.75445956,0.131119618,0.122251989,9.30E-02,0.159640314,0.110636538
seabirds,2.35,-0.219882973,0.14482063,0.780117027,0.14482063,2.833289348,2.298882704,3.48130731,2.536373638
odontocetes,2.35,-0.226623153,0.121539064,0.773376847,0.121539064,3.549951619,1.983052145,4.507419244,2.190963303
turtle,2.35,0.703735594,0.410199484,1.703735594,0.410199484,0.002062058,0.002181069,0.001175351,0.001168638
detritusOffal,2.35,-0.200283307,0.14058855,0.799716693,0.14058855,476.7042915,258.7498714,574.7016749,263.599928
fisheries,2.35,-0.215160449,0.123578295,0.784839551,0.123578295,33.1300735,17.35984476,41.02754063,1.79E+01
pelagic detritus,2.35,0.001146971,0.000907303,1.001146971,0.000907303,2370.417523,674.3554734,2367.899206,6.74E+02
benthic detritus,2.35,0.024391228,0.015293901,1.024391228,0.015293901,385.6405214,66.60519774,376.4783443,6.48E+01
NO3,2.4,0,0,0,0,0,0,0,0
pelagicNH4,2.4,-0.025793808,0.014498661,0.974206192,0.014498661,6086.521686,652.1043891,6242.703783,616.3012919
benthicNH4,2.4,0.088655761,0.044479081,1.088655761,0.044479081,969.6865483,277.455751,891.7739353,256.3127934
lg_phytoplankton,2.4,0,0,1,0,8078.9745,2.15E-10,8078.9745,2.15E-10
sm_phytoplankton,2.4,0,0,1,0,3263.49,7.46E-11,3263.49,7.46E-11
microZoop,2.4,0.001456561,0.00120487,1.001456561,0.00120487,5081.360672,1129.011818,5074.712771,1130.412196
mesoZoop,2.4,9.13E-05,7.04E-05,1.000091285,7.04E-05,2698.416222,971.1449176,2698.185147,971.0904056
macroZoop,2.4,0.000171766,0.000178132,1.000171766,0.000178132,1199.58284,530.1877799,1199.405317,530.1613163
gelatinousZoop,2.4,-0.524229649,0.278989797,0.475770351,0.278989797,0.008277584,0.009338445,0.018369378,0.013869829
jellyfish,2.4,1.192562584,0.245464121,2.192562584,0.245464121,775.582671,363.6897512,364.4933266,196.4193074
macrobenthos,2.4,0.025078869,0.015686392,1.025078869,0.015686392,14.5023383,18.07029602,14.14050134,17.56034401
forage_fish,2.4,-0.205651619,0.143708384,0.794348381,0.143708384,1186.73134,596.0497142,1438.951543,586.5548569
mesopelagic,2.4,-0.353536121,0.196300199,0.646463879,0.196300199,114.2953869,75.2920619,172.1428689,86.6667051
cephalopods,2.4,-0.311066726,0.189282118,0.688933274,0.189282118,24.89960285,20.63000813,35.49804108,25.28956206
pelagicFishPlanktivore,2.4,-0.354647992,0.254791085,0.645352008,0.254791085,77.46428257,5.80E+01,124.8972703,73.6880428
pelagicFishPiscivore,2.4,-0.265440294,0.145566478,0.734559706,0.145566478,98.92493673,61.53316741,132.3813448,70.25997706
demersalFishPiscivore,2.4,-0.25373213,0.130428235,0.74626787,0.130428235,19.30179312,9.349374832,25.47973901,10.32246111
demersalFishBenthivore,2.4,-0.216059326,0.174208349,0.783940674,0.174208349,74.06433334,39.92072923,95.06010572,45.08407423
pelagicFishApexPred,2.4,-0.253236776,0.134909158,0.746763224,0.134909158,0.121048138,0.092517278,0.159640314,0.110636538
seabirds,2.4,-0.22540103,0.147232597,0.77459897,0.147232597,2.815667659,2.292214239,3.48130731,2.536373638
odontocetes,2.4,-0.233104564,0.124196147,0.766895436,0.124196147,3.522286033,1.978128931,4.507419244,2.190963303
turtle,2.4,0.725653364,0.423675358,1.725653364,0.423675358,0.002087266,0.002207275,0.001175351,1.17E-03
detritusOffal,2.4,-0.205651619,0.143708384,0.794348381,0.143708384,473.9343486,258.6390719,574.7016749,263.599928
fisheries,2.4,-0.22099485,0.126148087,0.77900515,0.126148087,32.90978896,1.73E+01,41.02754063,17.93291297
pelagic detritus,2.4,0.001179231,0.000930753,1.001179231,0.000930753,2370.487833,6.74E+02,2367.899206,674.3131049
benthic detritus,2.4,0.025078869,0.015686392,1.025078869,0.015686392,385.897518,6.67E+01,376.4783443,64.8256998
NO3,2.45,0,0,0,0,0,0,0,0
pelagicNH4,2.45,-0.026483048,0.014825682,0.973516952,0.014825682,6082.332386,652.9824262,6242.703783,616.3012919
benthicNH4,2.45,0.09107979,0.045631551,1.09107979,0.045631551,971.8040061,278.0531806,891.7739353,256.3127934
lg_phytoplankton,2.45,0,0,1,0,8078.9745,2.15E-10,8078.9745,2.15E-10
sm_phytoplankton,2.45,0,0,1,0,3263.49,7.46E-11,3263.49,7.46E-11
microZoop,2.45,0.001495085,0.001232251,1.001495085,0.001232251,5081.536738,1128.975691,5074.712771,1.13E+03
mesoZoop,2.45,9.37E-05,7.22E-05,1.000093731,7.22E-05,2698.42232,971.1461989,2698.185147,9.71E+02
macroZoop,2.45,0.000176209,0.000182005,1.000176209,0.000182005,1199.587569,530.1886848,1199.405317,530.1613163
gelatinousZoop,2.45,-0.535124082,0.279616744,0.464875918,0.279616744,0.008085651,0.009258372,0.018369378,0.013869829
jellyfish,2.45,1.227795354,0.259712306,2.227795354,0.259712306,786.4425508,366.4588211,364.4933266,196.4193074
macrobenthos,2.45,0.025747381,0.016060753,1.025747381,0.016060753,14.51173517,18.08217823,14.14050134,17.56034401
forage_fish,2.45,-0.210845033,0.146728541,0.789154967,0.146728541,1180.023559,596.2643275,1438.951543,586.5548569
mesopelagic,2.45,-0.363924572,0.200884799,0.636075428,0.200884799,112.5606433,75.20548936,172.1428689,86.6667051
cephalopods,2.45,-0.321025814,0.194809638,0.678974186,0.194809638,24.54693519,20.54561024,35.49804108,25.28956206
pelagicFishPlanktivore,2.45,-0.361457179,0.256357585,0.638542821,0.256357585,76.58506859,57.74868797,124.8972703,73.6880428
pelagicFishPiscivore,2.45,-0.27352091,0.149629272,0.72647909,0.149629272,97.87155531,61.37423909,132.3813448,70.25997706
demersalFishPiscivore,2.45,-0.260501776,0.132792386,0.739498224,0.132792386,19.13466434,9.329865587,25.47973901,10.32246111
demersalFishBenthivore,2.45,-0.220335519,0.17542525,0.779664481,0.17542525,73.65300747,39.8233192,95.06010572,45.08407423
pelagicFishApexPred,2.45,-0.260812431,0.138593193,0.739187569,0.138593193,0.119859715,0.092041299,0.159640314,0.110636538
seabirds,2.45,-0.230730407,0.149572727,0.769269593,0.149572727,2.798672962,2.285752472,3.48130731,2.536373638
odontocetes,2.45,-0.239426558,0.126684388,0.760573442,0.126684388,3.495265264,1.973362961,4.507419244,2.190963303
turtle,2.45,0.747031829,0.436927382,1.747031829,0.436927382,0.002111345,2.23E-03,0.001175351,0.001168638
detritusOffal,2.45,-0.210845033,0.146728541,0.789154967,0.146728541,471.25328,258.5245499,574.7016749,263.599928
fisheries,2.45,-0.22665296,0.128592189,0.77334704,0.128592189,32.69623762,17.32822789,41.02754063,17.93291297
pelagic detritus,2.45,0.00121045,0.00095207,1.00121045,0.00095207,2370.555946,674.3550492,2367.899206,674.3131049
benthic detritus,2.45,0.025747381,0.016060753,1.025747381,0.016060753,386.1468717,66.69719952,376.4783443,64.8256998
NO3,2.5,0,0,0,0,0,0,0,0
pelagicNH4,2.5,-0.027159047,0.015148082,0.972840953,0.015148082,6078.221803,653.8334922,6242.703783,616.3012919
benthicNH4,2.5,0.093452893,0.046747335,1.093452893,0.046747335,973.8749861,2.79E+02,891.7739353,2.56E+02
lg_phytoplankton,2.5,0,0,1,0,8078.9745,2.15E-10,8078.9745,2.15E-10
sm_phytoplankton,2.5,0,0,1,0,3263.49,7.46E-11,3263.49,7.46E-11
microZoop,2.5,0.001532987,0.001259597,1.001532987,0.001259597,5081.709958,1128.94021,5074.712771,1130.412196
mesoZoop,2.5,9.61E-05,7.40E-05,1.000096131,7.40E-05,2698.428305,971.1474571,2698.185147,971.0904056
macroZoop,2.5,0.000180597,0.000185932,1.000180597,0.000185932,1199.592234,530.189574,1199.405317,530.1613163
gelatinousZoop,2.5,-0.545697791,0.280162708,0.454302209,0.280162708,0.007899216,0.009182113,0.018369378,0.013869829
jellyfish,2.5,1.262505983,0.274125225,2.262505983,0.274125225,797.075584,369.1194209,364.4933266,196.4193074
macrobenthos,2.5,0.026405528,0.016438216,1.026405528,0.016438216,14.52098075,18.09389528,14.14050134,17.56034401
forage_fish,2.5,-0.215910222,0.149675779,0.784089778,0.149675779,1173.469707,5.96E+02,1438.951543,5.87E+02
mesopelagic,2.5,-0.374162018,0.205299735,0.625837982,0.205299735,110.848579,7.51E+01,172.1428689,8.67E+01
cephalopods,2.5,-0.330873886,0.200112769,0.669126114,0.200112769,24.19867822,2.05E+01,35.49804108,2.53E+01
pelagicFishPlanktivore,2.5,-0.368044684,0.25784686,0.631955316,0.25784686,75.73383501,57.47880911,124.8972703,73.6880428
pelagicFishPiscivore,2.5,-0.281491848,0.153544221,0.718508152,0.153544221,96.83003641,61.22161258,132.3813448,70.25997706
demersalFishPiscivore,2.5,-0.267155347,0.135126916,0.732844653,0.135126916,18.97020381,9.31137191,25.47973901,10.32246111
demersalFishBenthivore,2.5,-0.224480332,0.17658931,0.775519668,0.17658931,73.25480781,39.73214163,95.06010572,45.08407423
pelagicFishApexPred,2.5,-0.268279044,0.142159428,0.731720956,0.142159428,0.118683327,0.091572609,0.159640314,0.110636538
seabirds,2.5,-0.235923536,0.151871409,0.764076464,0.151871409,2.782048992,2.279342949,3.48130731,2.536373638
odontocetes,2.5,-0.245630525,0.129088567,0.754369475,0.129088567,3.468791641,1.968768434,4.507419244,2.190963303
turtle,2.5,0.768058917,0.450130832,1.768058917,0.450130832,0.002134865,0.002253567,0.001175351,0.001168638
detritusOffal,2.5,-0.215910222,0.149675779,0.784089778,0.149675779,468.6360941,258.4119374,574.7016749,263.599928
fisheries,2.5,-0.232186722,0.130974558,0.767813278,0.130974558,32.48724938,17.31239722,41.02754063,17.93291297
pelagic detritus,2.5,0.001241161,0.000973337,1.001241161,0.000973337,2370.622961,674.3549244,2367.899206,674.3131049
benthic detritus,2.5,0.026405528,0.016438216,1.026405528,0.016438216,386.3922292,66.74020613,376.4783443,64.8256998
